id:ID,:LABEL,source,name,hpo_id
092764db91866a55574f77b639ddf39c,疾病,Wills眼科,葡萄膜炎,HP:0000554
7c3a55db3bbcdf695f2aec2ba2e4a127,疾病,Wills眼科,视网膜海绵状血管瘤,HP:0011513
5ca9a8a6f597d2e39236610d4486bad4,疾病,Wills眼科,虹膜炎,HP:0001101
4135ebe4f53aea3e5133ece540fa65fc,疾病,Wills眼科,干燥性角结膜炎,HP:0001097
324a0dbb0b98094df54c7c5611f109c1,疾病,Wills眼科,结膜炎,HP:0000509
ab21992d50776bdb92a157b86ca04441,症状和体征,Wills眼科,前房出血,HP:0011886
7eef7259d5a30637c40c502bc845ed04,症状和体征,Wills眼科,前房积脓,HP:0031615
3c107b84dda4b1e77b8c93ee67fb90b1,症状和体征,Wills眼科,突眼,HP:0000520
88733fe7f599ed40c2c8332c08d0f1f6,疾病,Wills眼科,发育性青光眼,HP:0001087
9feb6b0fe2bfffe4f2a3dd22bd141a90,疾病,Wills眼科,圆锥角膜,HP:0000563
e96d7e5cbbfc1a1cce821f2e5d525029,疾病,Wills眼科,无晶状体,HP:6001302
e7c5430ff13083cd6f45b29a05116c6b,疾病,Wills眼科,角膜上皮下混浊,HP:0008039
9737d776a78e996850c36998f72228f5,疾病,Wills眼科,彼得斯异常,HP:0000659
631a30d35814683beef585a60bff8e6d,疾病,Wills眼科,角膜缘皮样瘤,HP:0001140
d046ddc8fa0cae9040e728911ceda88b,疾病,Wills眼科,葡萄膜黑色素瘤,HP:0007716
60f7289e636f39cfde13d5cee71f384d,症状和体征,Wills眼科,突出的角膜神经纤维,HP:0010726
98c8f1ac59fc81392f3f853003f84e05,症状和体征,Wills眼科,滤泡性结膜炎,HP:6001385
495f4c44f2820cac2c7c137c7ac65038,疾病,Wills眼科,角结膜炎,HP:0001096
e9bb4513ee154d819c503178a2ea79d9,疾病,Wills眼科,角膜新生血管,HP:0011496
3525de8e530ae46e3b7d9f96ffe68e91,疾病,Wills眼科,无虹膜属,HP:0000526
d21096d828a429cebbca16938480afa1,疾病,Wills眼科,眼部黑素细胞增多症,HP:0025534
c03388f48acd7ce81c125bdf086b2a98,疾病,Wills眼科,虹膜黑色素瘤,HP:0011524
a114c7db287520a74eb30a4e4c9ccb2b,疾病,Wills眼科,眨眼频率异常,HP:0034775
b7245bf010640482e4dd8892edaeb854,疾病,Wills眼科,眼睛肿瘤,HP:0100012
ddf3c6c62d8ac5833f8cf3cb612fb60d,症状和体征,Wills眼科,视网膜的针状色素沉着,HP:0007737
6ee4c2820646a36b8401b8a9195d92ce,疾病,Wills眼科,牛眼黄斑病,HP:0011504
34fc71f52afeb23f5f8673ca0de6bbdb,疾病,Wills眼科,视锥细胞营养不良,HP:0008020
37879ee3ee08fde0924c6a8e4ba449e6,疾病,Wills眼科,脉络膜视网膜萎缩,HP:0000533
4926486f68f1ae0cd1ea4d7aa4174254,疾病,Wills眼科,脉络膜黑色素瘤,HP:0012054
47d0e467eb1d04860572efcd69041d71,疾病,Wills眼科,巩膜炎,HP:0100532
f0789f2a862187aa91ff7f5ac714eca7,疾病,Wills眼科,高度远视,HP:0008499
4979fab17b37634f8cb2415fabf3e839,疾病,Wills眼科,巩膜破裂,HP:0025513
77d3330bc98a6082fd67219f2fe40de0,症状和体征,Wills眼科,视乳头水肿,HP:0001085
0d5b9d3a6184b717fd9171ee1b9f0c44,疾病,Wills眼科,后葡萄膜炎,HP:0012123
a0e887a0e71500a6b6fed4a6f4e08984,症状和体征,Wills眼科,视网膜棉絮斑,HP:0031606
cbb47092e77f50f5aa4dd5a8889db441,疾病,Wills眼科,周围视网膜新生血管,HP:0030667
6a50f2224d52c25370509d7c49e87b1e,疾病,Wills眼科,视网膜病变,HP:0000488
a258b17b3659e40ab4642a7cda2934ca,疾病,Wills眼科,脉络膜新生血管,HP:0011506
4d73019dcf5c586ec6d1782133210c4f,疾病,Wills眼科,视网膜毛细血管瘤,HP:0009711
de88aa1b1b1e0501d386a9ba70207b98,疾病,Wills眼科,视网膜变性,HP:0000546
ab38042b24c49af73011a4efa1358e13,疾病,Wills眼科,视力障碍,HP:0000505
c009789494ce5671201af930d77d2c7b,症状和体征,Wills眼科,视力丧失,HP:0000572
682d44035d3313f9feb8619819cc7a9e,疾病,Wills眼科,开角型青光眼,HP:0012108
ff3cba94cea7512859c53527a652aa4d,疾病,Wills眼科,视网膜中央静脉阻塞,HP:0020166
1e414cbb79aa712a2ad92bcda41f7e33,疾病,Wills眼科,视网膜炎,HP:0032118
f888f9321fc0ae439a7fa0d4d68b3905,疾病,Wills眼科,低眼压,HP:0032547
54a6e47b28de3a8143938d69fe85a5ae,疾病,Wills眼科,高眼压症,HP:0007906
b4eea816ed0810e39aa808a0144ec8b0,疾病,Wills眼科,球痨,HP:0000667
974239ff5b6c15c817d58abfb51a7a0b,疾病,Wills眼科,眼动脉灌注不足,HP:0020311
922aafaf472460ca683dd5c3292cb4e2,疾病,Wills眼科,视网膜脱离,HP:0000541
004a37a8ed0f603171a40ebb4fa9eb0a,疾病,Wills眼科,虹膜异色症,HP:0001100
fb30a8ecca45c229ad29d35df6c29953,疾病,Wills眼科,角膜铁线,HP:6001232
39669e6b4bf3b01ffdb61e529d407d7a,疾病,Wills眼科,角膜异物感,HP:0034804
4d3d736ad3215a58161ddddd5d980f7d,疾病,Wills眼科,虹膜痣,HP:0011525
3a7a20e132b4a4d0b5c37bea0883cecb,疾病,Wills眼科,虹膜囊肿,HP:0011523
ea1ea4d7ac3654205abbe995229619a9,疾病,Wills眼科,视神经肿块,HP:0025739
4f1b14f8a34b0584ed1372c5228eb1c5,症状和体征,Wills眼科,点印迹视网膜出血,HP:0025242
8860fb3a1cc4dd83303b49b08c96cace,症状和体征,Wills眼科,虹膜色素减退,HP:0007730
5159659afcfe334ea60db4e62ed82023,症状和体征,Wills眼科,虹膜色素异常,HP:0008034
11d7dba2de7faf5faa9a09059443ed29,疾病,Wills眼科,玻璃体视网膜病变,HP:0007773
192e327d59fd0320a3cfca0128649044,疾病,Wills眼科,晶状体脱位,HP:0012019
917aa655692a3a87d72c2fa506216674,疾病,Wills眼科,视网膜梗塞,HP:0007866
5d0bfc9712b8baf319ebb87b1b02c22b,疾病,Wills眼科,视网膜分支动脉阻塞,HP:0020161
e3842d4b11d24e5affd3aa91a045eb6b,疾病,Wills眼科,后圆锥状肌,HP:0011502
87d35093b13b3892840a848a55f0aad4,疾病,Wills眼科,玻璃体血管残余和晶状体后肿块,HP:0030744
68d43e41c76ea8b3e2a777e9dc5a056a,疾病,Wills眼科,视交叉萎缩,HP:0034008
a6dc0a2202aeccec5aefbe45332aa9b0,疾病,Wills眼科,玻璃体出血,HP:0007902
84378545e9ef42e5941bd45cdaebea0f,疾病,Wills眼科,黄斑变性,HP:0000608
65d5d0aca44c26de3122309b83d6ab61,疾病,Wills眼科,瞳孔大小不等,HP:0009916
312e31bf2c86079edadea660129c35de,症状和体征,Wills眼科,轻度近视,HP:0025573
856a9749c650d210ee38349f85a9cde8,疾病,Wills眼科,眼外运动受限,HP:0007941
a46b2c5f7679a527aca90b89f6ec14ae,疾病,Wills眼科,进行性眼肌麻痹,HP:0007650
7eaa8f3d1fa492c3f5968b8d7517b77d,疾病,Wills眼科,眼肌麻痹,HP:0000597
a1a2f01742e1dcfe425d2489d42cc3f9,疾病,Wills眼科,杜安异常,HP:0009921
3b8292c9227f73adf957bc02c290477c,疾病,Wills眼科,视乳头周围萎缩,HP:0500087
17bd263773d83c2a54aec751000d8e23,疾病,Wills眼科,视神经病变,HP:0001138
0727fc54220756ad2fc9f3701f3d6de7,疾病,Wills眼科,莱伯视神经萎缩,HP:0001112
e1fe6100741a635ac291b9c1678c2e5f,症状和体征,Wills眼科,不受控制的眼球运动,HP:0007738
be0b83bebe81de054047cb149af1717c,疾病,Wills眼科,非动脉炎性前部缺血性视神经病变,HP:0007634
1a75aa9e1ba6db356f9b3536d632b075,疾病,Wills眼科,动眼神经麻痹,HP:0012246
84c50486a7cfbb81767f66349c24e312,疾病,Wills眼科,眼外肌生理异常,HP:0025590
5ab3d8a272232616839bf72ba35ce60a,疾病,Wills眼科,瞳孔对光反射异常,HP:0007695
4948bc4a65d3ecbbe4115a89c644cf02,疾病,Wills眼科,眼底正常的先天性静止性夜盲症,HP:0030638
9ade36a0581fb954078f1345ac53428c,疾病,Wills眼科,色盲,HP:0011516
390f70aa2c1d1d02076be550ebb33815,疾病,Wills眼科,视神经发育不全,HP:0012521
34c998ffc80a89c20438ac69494408d0,症状和体征,Wills眼科,瞳孔散大,HP:0011499
2b48a8c4fa043f12f953dee116fcc6e9,症状和体征,Wills眼科,强瞳,HP:0012074
9292cb4b2f3b6934d6d9bc03497f286a,疾病,Wills眼科,痉挛,HP:0010533
314118cc17de653bc9515b0101329129,疾病,Wills眼科,中央后角膜混浊,HP:0008511
8e0515589bff8e5cf3b7c6fa989c7a83,疾病,Wills眼科,屈光异常,HP:0000539
cb760d883ee05a7ad77639f9a24e3a6d,症状和体征,Wills眼科,视网膜不附着,HP:0007899
ce814aa5012a30d811d217fdc4219104,症状和体征,Wills眼科,视网膜下液,HP:0031526
845e42ce35f687b27fc0d5a317d04de6,症状和体征,Wills眼科,脉络膜增厚,HP:6001181
25436e1e7c6ea0d56eb6acac4e02ec5c,疾病,Wills眼科,巩膜葡萄肿,HP:0030854
703db90a635a2dde267888085a3d7830,疾病,Wills眼科,视野检查异常,HP:0030588
1aa4f128dcef983d6f23947903098a31,疾病,Wills眼科,垂直视野缺损,HP:0030531
a18770502ea214619353f14092acceab,疾病,Wills眼科,视盘缺损,HP:0000588
73633632a845ef354cbefa72e523acaa,疾病,Wills眼科,弓形暗点,HP:0030530
ff689d9dba8a8df606a55e0ad9fa8432,疾病,Wills眼科,双鼻偏盲,HP:0030520
3e74d849eb7d9a86f4251a458bd98028,疾病,Wills眼科,双颞偏盲,HP:0030521
17cd5c038d4b98d43d34084b2e208aeb,疾病,Wills眼科,色素性视网膜病变,HP:0000580
0f8d1f2990bc24b28af741f17186c98b,疾病,Wills眼科,盲点扩大,HP:0030644
557234b59a1b90c523e98f6079ddd9ff,疾病,Wills眼科,中央旁暗点,HP:0030528
91f59347a6f3eb0d4e1963bed3a258bf,疾病,Wills眼科,闪烁暗点,HP:0010822
89d80ef7266e0dc22a67debdbd0c7a4d,疾病,Wills眼科,周边视网膜萎缩,HP:0200070
55a8f3cfd2afb010c1efbd7cf0079102,疾病,Wills眼科,玻璃体漂浮物,HP:0100832
e47e978cbc661ef3698e4bc0c03d09a4,疾病,Wills眼科,玻璃体形态异常,HP:0004327
b209f655e4d7232adc14d625615a3949,症状和体征,Wills眼科,同向偏盲,HP:0030516
60abd4af8720d692d3de16a9bdffa35d,症状和体征,Wills眼科,玻璃体雪球,HP:0030661
62ed2bd355db82f17abb09245b3776bc,症状和体征,Wills眼科,小行星透明症,HP:0030672
653aefd5e77b777164670b4f251181fa,症状和体征,Wills眼科,眼痛,HP:0200026
038b1f6447efd1db794c05332cd592a4,症状和体征,Wills眼科,畏光,HP:0000613
a9676d235046e64d01efab250e048f51,症状和体征,Wills眼科,红眼,HP:0025337
bf41aacc87720dc42f524f6a86af27af,症状和体征,Wills眼科,泪膜破裂时间短,HP:6000069
93fc6e68ce97ebc78e827af8d7075785,症状和体征,Wills眼科,角膜感觉减退,HP:0012155
8838166e4caae788a4984b1175ef2bd2,症状和体征,Wills眼科,针状白内障,HP:0010926
939b160def240bcff1167de36765f8cc,症状和体征,Wills眼科,结膜毛细血管扩张,HP:0000524
7ccd3113548bb02e34319de32ea90c5e,症状和体征,Wills眼科,后睑缘炎,HP:0025610
bfc8b009f690640548b0d51505f79215,症状和体征,Wills眼科,眼部异常,HP:0000478
e106911114caf9ee639a471325949767,症状和体征,Wills眼科,缺损,HP:0000589
4d14c69ab1768ff637763d12eaf099b6,症状和体征,Wills眼科,流泪异常,HP:0000632
afae21051e1d1747373c80224bf2e1b8,症状和体征,Wills眼科,角膜上皮形态异常,HP:0011495
cb7e77e2a9491a2fcf2d8fdea24088c4,症状和体征,Wills眼科,角膜上皮点状糜烂,HP:0000584
1932d509227f17aa89697e6bae39749b,症状和体征,Wills眼科,黄斑地理性萎缩,HP:0031609
00ecf91d8e54262f979f74bc1c69960d,疾病,Wills眼科,角膜营养不良,HP:0001131
aed7ea99edd46444165de1ce1f35bf53,疾病,Wills眼科,角膜糜烂,HP:0200020
d575b81d2ee51961121f7e0c16b0c050,疾病,Wills眼科,格子状角膜营养不良,HP:0001149
d5d72145375b51a16d7fa335d8d8f51d,疾病,Wills眼科,颗粒性角膜营养不良,HP:0007802
2e0f10d03e57531034d52c682f5d9a8f,症状和体征,Wills眼科,眼睛有烧灼感,HP:6000420
583789aaf55d5b09217dc28bcf4db08f,症状和体征,Wills眼科,眨眼频率降低,HP:0034774
1c666c648600350bdf60557aebc2a8e1,症状和体征,Wills眼科,点状角膜炎,HP:0011859
f4582689e361b61d2ba5ccc0134a2468,症状和体征,Wills眼科,丝状角膜炎,HP:6001184
21483db14d72ffa920f694082c739278,疾病,Wills眼科,角膜形状异常,HP:0040004
1fc6ca4557aaeb47555be8783596743f,症状和体征,Wills眼科,视力下降,HP:0007663
99bf0a63e0c1b7cbb26e5c0bca08b90a,症状和体征,Wills眼科,视力异常,HP:0000504
a67725f78b272475316555f363e4d726,疾病,Wills眼科,慢性刺激性结膜炎,HP:0007717
e0b55bd56c34fca9fda8211ee887b06e,症状和体征,Wills眼科,角膜内皮细胞数量减少,HP:0011491
cbc7adf3de7a7059187c7fbc9df53c11,症状和体征,Wills眼科,复发性角膜糜烂,HP:0000495
b4fc4828235f881d10a5bbe81f18e57b,症状和体征,Wills眼科,前房细胞 1+ 级,HP:0025561
cd64132586eef4b414e3ed4ab95cbabd,症状和体征,Wills眼科,缺钟现象,HP:6000709
90119457421a70de15b073b15fb09bb7,症状和体征,Wills眼科,角膜缘充血,HP:0025338
c5660fafa6436b46280520434d1b5575,症状和体征,Wills眼科,角膜基质水肿,HP:0012040
c8afc1c8fa42d4427bb45c5e42f7d13b,症状和体征,Wills眼科,后弹力层形态异常,HP:0011490
d9a9065241d758b01a909426ec4b02dd,症状和体征,Wills眼科,椭圆形瞳孔,HP:0025310
8de0a2310c31916980671905eaf750eb,症状和体征,Wills眼科,角膜厚度减少,HP:0100689
0b240f34a8cc6cd45c006a19dafa9593,症状和体征,Wills眼科,小瞳孔,HP:0025492
587e0a67ae2556235723836314da4563,疾病,Wills眼科,疱疹样角膜溃疡,HP:0007812
d0204d3ccd1ea4c9c0b58c249dc45f4e,疾病,Wills眼科,角膜炎,HP:0000491
f99c35629c82e370e6ec6646fed3c6d1,症状和体征,Wills眼科,巨乳头,HP:0034302
cf265168b5618588ebf97a9e30f32e87,症状和体征,Wills眼科,角膜缘形态异常,HP:0025348
d85d0ac4dbfb18ff36603f0dd35a1be9,症状和体征,Wills眼科,散光,HP:0000483
2ed7bd39d862396f3efbb442e94d1d5e,症状和体征,Wills眼科,规则散光,HP:0031788
cc76107bc444ec70da0a9f3ac9ab157b,疾病,Wills眼科,带状角膜变性,HP:0200066
e5bb9a97df1389c2d56e23ba26f9012d,症状和体征,Wills眼科,投影光感视力,HP:0030551
a254162872562010a232285254cbf068,症状和体征,Wills眼科,闭角型青光眼,HP:0012109
557b5a13343ad8106b71d89577cdb8ee,症状和体征,Wills眼科,角膜变性,HP:0007705
2e566665f7078ad4068ed4a545d0ffe6,症状和体征,Wills眼科,眼睛有脓性分泌物,HP:0034427
9b181dc6541a33ecc0dcfc2ef84ace89,症状和体征,Wills眼科,前房红细胞,HP:0031702
de5ff6e1cf793b36c3825499f0f3587c,症状和体征,Wills眼科,沃格特纹,HP:6001180
143249c08248e5d70df8201f200e330c,症状和体征,Wills眼科,角膜周边混浊,HP:0008011
764baea65f463075c7dddaaab0de8bc5,疾病,Wills眼科,角膜病变,HP:6001192
0ecab0e2829b2d3e139465439e108deb,症状和体征,Wills眼科,视网膜色素上皮缺失,HP:0007980
b6548bf3975e2a4772ab93df73003def,症状和体征,Wills眼科,前房炎症细胞,HP:0031701
3920841a6ffd6244faeddcf95adf1b5b,症状和体征,Wills眼科,角膜基质混浊,HP:0007759
f0e59382cbc1ff2c9341003c2cd09ca8,症状和体征,Wills眼科,前房耀斑,HP:0031616
ac908b06e8d6ef7cf4ed5c84ebb0c1d5,症状和体征,Wills眼科,视网膜晶体,HP:0030507
39f62144c883e925bacbf4949a0f1fe7,症状和体征,Wills眼科,白内障,HP:0000518
c8f7c2f32f70b51d4485ab317640f8ba,症状和体征,Wills眼科,低测量水平扫视,HP:0007975
7c7b083d1b9bb366a86d5c9fcd516eed,疾病,Wills眼科,成人发病的夜盲症,HP:0007830
830215c8405f276247c19e92072221cf,疾病,Wills眼科,眼部胱氨酸晶体沉积,HP:6000955
65963554c4468649946a52abc8673030,症状和体征,Wills眼科,结晶性角膜营养不良,HP:0007760
134a0d37c74265da69ce4d561a79ac35,症状和体征,Wills眼科,角膜基质血管化,HP:6001231
ccf42c9814c847cba5f5931122339506,症状和体征,Wills眼科,角膜上皮水肿,HP:6001182
cdf8ddbaa2f81ec5b647a80e8f6c9a6e,症状和体征,Wills眼科,角膜角化沉淀,HP:0025341
29d4fc2cd827801f3f405b0fc91d846e,疾病,Wills眼科,角膜基质形态异常,HP:0011492
45c1fc75b3163fb5f4636fde1c5f7cce,症状和体征,Wills眼科,虹膜透照缺陷,HP:0012805
f3802eaf66056452cb3e5124387ed682,症状和体征,Wills眼科,深前房,HP:0007765
159f48b89ceba39f5639b6ee7a66f7d8,症状和体征,Wills眼科,色觉缺陷,HP:0000551
ece0a447d344b51dc2feeeb8d084c31a,疾病,Wills眼科,虹膜萎缩,HP:0001089
8e1df13977cd7c31ec5bbadab9c5c6e5,疾病,Wills眼科,眼睛血管系统异常,HP:0008047
06e7bafd8c85fc8be9fce2903a6076fe,疾病,Wills眼科,泪液排出减少,HP:0031881
0e2b12657c0efb9e4fb91081fd391faa,症状和体征,Wills眼科,玻璃体呈珠状外观,HP:0031154
16d307631c9f00f01152a9428f79ea59,症状和体征,Wills眼科,虹膜结节,HP:0034819
6040e2d62091ce113b80d7731bb67f3c,疾病,Wills眼科,角膜中央混浊,HP:0011493
9972b60f6b96e861d2cb9296aa875a32,疾病,Wills眼科,前睑缘炎,HP:0025609
83e22d5795e870fc2c2cdc6962374652,疾病,Wills眼科,睑缘炎,HP:0000498
677402be6289a126acdfe614e1db925c,疾病,Wills眼科,角膜缘干细胞缺乏,HP:0032107
d7ea9b6b45be5c9cf31b73639a11ffad,症状和体征,Wills眼科,黄色/白色黄斑小病变,HP:0031420
a1f858517968deb1430201f73fdc4293,症状和体征,Wills眼科,违反规则散光,HP:0031789
751cbb6f14e35438fcf43764cddf8f28,症状和体征,Wills眼科,角膜厚度异常,HP:0011486
ff0a302e4ea130b1685b147b65c21aea,症状和体征,Wills眼科,眼睛出血,HP:0011885
be7e9efb4c45a456b44ad53fc291432a,症状和体征,Wills眼科,光环视觉,HP:6001267
466d5244df4bf0672b3aed2e8dcbfdce,症状和体征,Wills眼科,进行性夜盲症,HP:0007675
90c12049c49036cc4511968769f08d72,症状和体征,Wills眼科,视力突然丧失,HP:0001117
4e0548f948c5a409bc8bfd53380fabf1,症状和体征,Wills眼科,角膜不对称,HP:0009915
6253540dc92bd2eb3677772b3f6e956c,症状和体征,Wills眼科,蓝色巩膜,HP:0000592
0079d3caef9c152c4d86a266ffe720be,症状和体征,Wills眼科,图点指纹角膜营养不良,HP:0007690
892d1bad27e8f704bc36402cd18f622b,症状和体征,Wills眼科,玻璃体液中淀粉样蛋白沉积,HP:0007841
152ca89e5086a17905380e458950f2f5,症状和体征,Wills眼科,层状白内障,HP:0007971
83083f4c1da3b051f418cb7291c982ab,症状和体征,Wills眼科,角膜弓,HP:0001084
d340a8113e64e6feee89c0982f460bc3,症状和体征,Wills眼科,角膜晶体,HP:0000531
56f72f2e2ed57235e14714c6c63b8672,症状和体征,Wills眼科,黄斑晶体,HP:0030501
979fbde2d86afa8f88a7811454dadd49,症状和体征,Wills眼科,虹膜形态异常,HP:0000525
1e2c5b0ffe6c1d8da2196bf0f9b53059,症状和体征,Wills眼科,前房前粘连,HP:0011483
632a403925bbb001fb7c0d74dccad55a,症状和体征,Wills眼科,瞳孔异位,HP:0009918
fdbfe3751af2ba5b8a563c5df3ddf958,疾病,Wills眼科,晶状体发育不全/发育不全,HP:0008063
c8301eb8fc9657b2aa84afe6423e483d,症状和体征,Wills眼科,角膜大小异常,HP:0001120
18fb97b6b8390a708ec3f6ffc549259b,症状和体征,Wills眼科,中央角膜营养不良,HP:0007881
170d50c1e96872b1d238d58093808a8b,疾病,Wills眼科,青光眼,HP:0000501
41a28481d7adce3f2a982a977b7fc11a,疾病,Wills眼科,近视,HP:0000545
fba4d5b88027e1dca588410a7bc899f4,疾病,Wills眼科,近视散光,HP:0500041
bd4fe00a995f8a694e99e0ed8075f967,症状和体征,Wills眼科,角膜曲率增加,HP:0100692
871b1201779cf0146d43dbbe4863654b,症状和体征,Wills眼科,眼压异常,HP:0012632
03372fe4d14da28eab45d71733accc11,症状和体征,Wills眼科,远视,HP:0000540
86fa78a102e160372787ab320f7a0281,症状和体征,Wills眼科,玻璃体丝,HP:0030832
d40bed15a11dc5cfa3718ed9c595222f,疾病,Wills眼科,前葡萄膜炎,HP:0012122
55b76724b57ec39a72ae8936c0519a8a,症状和体征,Wills眼科,肉芽肿性结膜炎,HP:6001386
a3a33e5786ea45ceb4df1c9b3066c96a,疾病,Wills眼科,非肉芽肿性葡萄膜炎,HP:0007813
5c73186e0169460dcc0d08f1fddc1abd,症状和体征,Wills眼科,双眼视力异常,HP:0011514
1388371d8bd4766c8dff81924c560a47,症状和体征,Wills眼科,视网膜内出血,HP:0031805
c996492bd3e9134dd9330b60e501c71e,症状和体征,Wills眼科,眼睛炎症异常,HP:0100533
bdd734418bc4c27ab958711d80d4fed2,症状和体征,Wills眼科,前房后粘连,HP:0011484
4626070ddc76007fd4f9daa66775c4e7,症状和体征,Wills眼科,玻璃体炎症细胞,HP:0030662
84a9ffda05f6eb5cc91dfecf11e87a94,症状和体征,Wills眼科,视网膜渗出物,HP:0001147
a84be8247b968e519a28d3ca9c45452b,疾病,Wills眼科,鸟弹脉络膜病变,HP:0030952
d4ef420e7861a5019dee2091c4f22d2c,症状和体征,Wills眼科,光视,HP:0030786
b41ad939f309a3505e1b9e006a32d8b2,症状和体征,Wills眼科,黄/白色视网膜病变,HP:0030506
b0bb5262d7ea20a67d73e24f67729e01,症状和体征,Wills眼科,视网膜水肿,HP:0031527
266b6b15a352d9d5fc9257873fd378d9,症状和体征,Wills眼科,视网膜血管衰减,HP:0007843
f1735300326e070345dfd3ff38a996ff,症状和体征,Wills眼科,圣诞树白内障,HP:0025571
267b89b2f91a4491e735a32525fc24d1,症状和体征,Wills眼科,膜状玻璃体外观,HP:0031153
ea5041954053bbb2f54fd8febe29d6f7,症状和体征,Wills眼科,视网膜钙化,HP:0007862
5bdb22eeac712e586ef3d9de00346228,症状和体征,Wills眼科,视盘苍白,HP:0000543
9c27091c045cfb30855c9a24f6fb6f29,症状和体征,Wills眼科,白瞳,HP:0000555
74ad1d6ea1e9d733d45ac0010b72d706,症状和体征,Wills眼科,视网膜静脉炎,HP:0020310
6c65a7b0a553f2cb64fd1c75065f1250,疾病,Wills眼科,黄斑渗出液,HP:0030496
d20030cd96510c988b4d2568534e1593,症状和体征,Wills眼科,视力严重下降,HP:0001141
d03e3e771601677152cc03f2a4284d9b,症状和体征,Wills眼科,中心凹变性,HP:0025146
fc978c930dc1d4df0f79f799bb397e8e,症状和体征,Wills眼科,玻璃膜疣,HP:0011510
686323e18e9cd45e96bb3325fafc7241,症状和体征,Wills眼科,低自身荧光视网膜病变,HP:0025159
6812eb97d2fdd5b6f2185834707d558a,症状和体征,Wills眼科,中心凹旁脉络膜新生血管,HP:0031240
2c1d3b17adf2ec843faddefb05cda81b,症状和体征,Wills眼科,玻璃体炎,HP:0011531
9867df1721212ecd43c93679146b507e,症状和体征,Wills眼科,脉络膜视网膜疤痕,HP:0007777
7dd92eb1a321869efd162dd44d068b8a,疾病,Wills眼科,视网膜血管炎,HP:0025188
d238575fba42ced48a438b1adb92a58d,症状和体征,Wills眼科,孤立性先天性视网膜色素上皮肥大,HP:0011528
0bea73a7d1131480fdeb9b51c7e406cc,症状和体征,Wills眼科,OCT 上视网膜色素上皮层不规则,HP:0020033
3daadaae5218b2bbe4fb2f51cc7cf4e1,症状和体征,Wills眼科,OCT 视网膜增厚,HP:0020039
423ec14ffa5dbf928f9604a900e9de80,症状和体征,Wills眼科,急性视网膜坏死,HP:6001370
5f0a81a682051fb57dd1d23ef24380c2,症状和体征,Wills眼科,周边视网膜无血管,HP:0007685
9304f6969204024b20c947945e5b576f,症状和体征,Wills眼科,视网膜前膜,HP:0100014
ee3ff513301150c9bdaf18816805db8f,症状和体征,Wills眼科,核性白内障,HP:0100018
e365fc23d317ca5948cb144db30d2e37,症状和体征,Wills眼科,视网膜下渗出液,HP:0011532
343859dd107d9ceafe234c3ecfbc1d05,症状和体征,Wills眼科,眼底形态异常,HP:0001098
f5863af90585ad030044bb33bb3bd6d3,疾病,Wills眼科,Dalen-Fuchs结节,HP:6000710
08680fac3992ab274542b99df19949de,症状和体征,Wills眼科,瞳孔对拟副交感神经药过敏,HP:6000993
35e30eadb1676735401717ae54eddafc,症状和体征,Wills眼科,视网膜新生血管,HP:0030666
1217e3d7bcd87605b36084fe77f453d9,症状和体征,Wills眼科,弥漫性视乳头苍白,HP:0012512
b768e57f375d2fcb4eb491a29da5a5fb,疾病,Wills眼科,巩膜外层炎,HP:0100534
3826851413c1c45ef9d8570f9bfede26,症状和体征,Wills眼科,视网膜分支静脉阻塞,HP:0020165
791e2812155edfaf07614983c323e1e2,症状和体征,Wills眼科,异常模式视网膜电图,HP:0030467
02d4c15af107b439e11082a47523ec33,症状和体征,Wills眼科,光学空玻璃体,HP:0030663
053b2e8e03e4df11178c1e30a2b84a28,疾病,Wills眼科,视网膜色素变性,HP:0008035
800265e08d3f08b48a04f977a21eb92a,症状和体征,Wills眼科,局灶性坏死性视神经病变,HP:0034987
bd27de3b252caf2b11e8f29c04834f4f,症状和体征,Wills眼科,对比敏感度降低,HP:0032036
dfaf3add38163b4ed746bb585fb254de,疾病,Wills眼科,浆液性视网膜脱离,HP:0012231
d6c0378337e7868c8ff35393959002d1,症状和体征,Wills眼科,虹膜色素分散体,HP:0012634
6a5c492c3815fa85095628c666df8750,症状和体征,Wills眼科,视网膜色素上皮斑块,HP:0007814
e3c16a12080238cbd79be282ee36551d,疾病,Wills眼科,真性无眼症,HP:0011478
ff730f77c65c51003f1abaa387f69e91,疾病,Wills眼科,后囊性白内障,HP:0100020
1fe422ab16c4b865fe1ebe5f6c22f499,症状和体征,Wills眼科,弥漫性核性白内障,HP:0007657
bdc0f8f640a613d3a268b5cc1e9428f9,症状和体征,Wills眼科,假晶状体,HP:0500081
258babf4dde06db79817573ac9a6fedd,症状和体征,Wills眼科,囊性白内障,HP:0100017
c88242d6076467e8950d3f5b0d5fb43b,症状和体征,Wills眼科,视力无光感,HP:0030553
f484f62faab72303fa4b5ed7cc7213cc,症状和体征,Wills眼科,短暂性黑蒙,HP:0100576
fb6d4b49bd3935fa8d3bdc92408620fe,症状和体征,Wills眼科,离散性眼底色素减退,HP:0020313
99f15350b337799ff8fac5ba0dafad6f,症状和体征,Wills眼科,火焰状视网膜出血,HP:0025241
3c77df895f4c5dddef589921be2140ca,症状和体征,Wills眼科,网状视网膜营养不良,HP:0007913
453245dd805f7d949c4954661ff8306d,症状和体征,Wills眼科,虹膜红变,HP:0011497
6efa732109dc2002407217c511efb807,症状和体征,Wills眼科,视力极低,HP:0032122
842d08986563b2c7e523c4da9821385b,症状和体征,Wills眼科,眼球运动引起的疼痛,HP:0030857
65009a84a7e7dfe5cf66be6f54245382,症状和体征,Wills眼科,裸眼视力测试异常,HP:0030533
6d9937bea09a6976d69d4b366d3b73f9,疾病,Wills眼科,向日葵白内障,HP:6000642
39910fe082faf02880d3c56dde6ba3ba,症状和体征,Wills眼科,非进行性视力丧失,HP:0200068
895cc6e07aa1a6ea2b5ac1c4fc581d07,疾病,Wills眼科,边缘性角膜营养不良,HP:0007880
41e0ca31fd70a9fee6fab9d6055f271f,疾病,Wills眼科,收敛受损,HP:0000619
56287a15907b816a1ae6520d53027dae,疾病,Wills眼科,核间性眼肌麻痹,HP:0030773
062014b6c91bff7d5738fd414a353635,症状和体征,Wills眼科,角膜缘水肿,HP:0025349
fc6c556a83b0df4b2ae3c7dbf5752247,症状和体征,Wills眼科,眼球扑动,HP:0031931
d222a507f1f76a2acfaff3a5ffbf1a32,症状和体征,Wills眼科,内视现象,HP:6001103
6af738ec18275423c9e1f1fb5c36b2d7,疾病,Wills眼科,囊状结膜扩张,HP:0007721
36e4943689c590ea908d2de7563d6d8c,疾病,Wills眼科,过敏性结膜炎,HP:0007879
ff2446a7485c7fcc62ceb5fe57b93ebf,疾病,Wills眼科,眼疲劳,HP:0031590
ef1fa947eb85c6ef7dc12b3e17afaedf,疾病,Wills眼科,上斜视,HP:0025586
40c76626323ecb4f1194a7bc94d088b8,疾病,Wills眼科,眼球排列异常,HP:0500073
6fb1703067dcc960a3d54744ab46af5c,疾病,Wills眼科,非渗出性结膜炎,HP:6000843
06b1782f513f3880b997166df917eba9,症状和体征,Wills眼科,泪液分泌增加,HP:0031731
fd604c74ea00be03fb287ba003ce0bc2,疾病,Wills眼科,上睑下垂,HP:0000508
217a430efac2f62dc50e47d61c7c0973,疾病,Wills眼科,双电梯麻痹,HP:0020041
a024a275cca7a5e86c3c33481b5fd37e,症状和体征,Wills眼科,马库斯·冈恩下巴眨眼联动,HP:0025186
c9d613b53da63f9964b87157c81b2f82,症状和体征,Wills眼科,目光深陷,HP:0000490
fcbf73cf81f2fa0d20df06aa4dade227,症状和体征,Wills眼科,下直肌过度活动,HP:0031743
16e51acc57c1b8fd6952b72f58056cf8,疾病,Wills眼科,部分调节性内斜视,HP:0031765
e5b7ebd3d6bfe5137fbfeae010e7b784,症状和体征,Wills眼科,双侧下垂,HP:0001488
92b5df9330e0a1222665b26d6ada45c7,症状和体征,Wills眼科,下直肌无力,HP:0025601
2ed1cce36cf36d8f46f75973253f6242,症状和体征,Wills眼科,补偿性头部姿势,HP:0031705
ba738cd7a46811832b3b303f2b5c2feb,症状和体征,Wills眼科,眼压不对称,HP:0012633
73d4f79f0deaf30a1cb1ca2ec98c967f,症状和体征,Wills眼科,角膜厚度增加,HP:0011487
ed43823b6b00f302fa0f816b8eeeabcf,症状和体征,Wills眼科,眼球不自主运动异常,HP:0012547
cf848e56e0c889effc6b1605d4a104b6,症状和体征,Wills眼科,阵发性不自主眼球运动,HP:0007704
dbf9d0045c88b4b071feb2ccb5b4d5b3,症状和体征,Wills眼科,反射性撕裂,HP:0031733
143223a6a086b347f0a12a726298cde3,症状和体征,Wills眼科,瞳孔功能异常,HP:0007686
0a9a030c1d7052e25527cf10c63bb835,症状和体征,Wills眼科,浅层巩膜充血,HP:0025339
077b7fc58b464851013cff3366274aaf,症状和体征,Wills眼科,颅神经受压导致视神经萎缩,HP:0007958
80acdde2caf63a14d345046acdef0f0b,症状和体征,Wills眼科,马库斯·冈恩学生,HP:0200057
a970ea347fb15eb7c95804d792928ea0,症状和体征,Wills眼科,色觉测试异常,HP:0030584
e09842de83bd6f943286ad62cfbd4c01,症状和体征,Wills眼科,角膜曲率异常,HP:0100691
23e946125661f1664687e8c1cd20cce9,症状和体征,Wills眼科,中央异色症,HP:0007818
b72fcad18884611316e1570bd327b063,疾病,Wills眼科,结膜错构瘤,HP:0100780
20bdeabe2697275952a477f71482fa45,症状和体征,Wills眼科,扁平角膜,HP:0007720
9163ff32747fdc528008859aaf77db50,疾病,Wills眼科,年龄相关性白内障,HP:0011141
e9e557ae6108317f9a5fb866b36433d5,疾病,Wills眼科,睫状体黑色素瘤,HP:0012055
a0d77dc44c5896d811eb795c1816754d,疾病,Wills眼科,萎缩性眼底病变,HP:0001099
3959dcf2f8d343ff5fe3770f972e90d1,疾病,Wills眼科,周围玻璃体视网膜变性,HP:0200071
73a54b24ed729c38b292ba69723ff107,疾病,Wills眼科,前囊下白内障,HP:0010923
45e6329c3521fc08cdd57a73c8130274,疾病,Wills眼科,皮质白内障,HP:0100019
9ac15f4c18924fe1841279ec51a46486,疾病,Wills眼科,色素上皮脱落,HP:6001300
2040fe1a52580020486c4d79badeea51,症状和体征,Wills眼科,最佳矫正视力测试异常,HP:0030534
d55d90fe3ca33b5660b38db6dad47f2d,症状和体征,Wills眼科,最佳矫正视力 3.0 LogMAR,HP:0030568
3653d52cdfaff0ddafccd262fb721293,疾病,Wills眼科,后囊下白内障,HP:0007787
5e3ea93b3df6c4dd51df19e57a38cec5,症状和体征,Wills眼科,虹彩酮,HP:0100693
c58e1e5a81e717bebbcb99324f3a1b22,症状和体征,Wills眼科,小晶状体,HP:0012376
c7dcc2fbef1106983fb936f56c9ba0ec,症状和体征,Wills眼科,球形晶状体,HP:0034375
70f66f3f796bfcad29b5059bc8fda686,症状和体征,Wills眼科,视网膜缺损,HP:0000480
e1f8e45041792cdb313d0cb17ce874ed,症状和体征,Wills眼科,自发性晶状体囊膜破裂,HP:6000097
f73476947df2bf87c5b70487a6d0208c,症状和体征,Wills眼科,前房耀斑 3 级以上,HP:0031620
9dd654f1bd4700c58d2e643add7160d6,症状和体征,Wills眼科,视觉调节减少,HP:0030801
44c996ba62d0805e0fbe476eeb266847,症状和体征,Wills眼科,晶状体半脱位,HP:0001132
41690311925cac69791588698c374747,症状和体征,Wills眼科,局灶性视网膜小动脉缩窄,HP:0008043
8a1f8f2dabd0631fb593f4e61a814b46,症状和体征,Wills眼科,视网膜内渗出物,HP:0007989
98c8b4fbd2a16696b6f9cf9c6dcd6606,症状和体征,Wills眼科,视力检查异常,HP:0030532
b188b7c98d738ac71fea6d6d0f40f761,症状和体征,Wills眼科,外偏差,HP:0020045
7d8ad99ebfa35ff7d31218ac45784de1,疾病,Wills眼科,视觉调节异常,HP:0030800
dbe60552d3f3924d233d0c35c8f636a6,症状和体征,Wills眼科,锥体单色性,HP:0011517
2562f00f298fa48fd6b4b1a65bd31664,症状和体征,Wills眼科,消色差视网膜斑块,HP:0009727
afb7b27ac2bc2f19a858d71938add89b,症状和体征,Wills眼科,黄斑中心凹发育不全,HP:0011503
857da4b89c62af7c23383651063ca49a,疾病,Wills眼科,眼白化病,HP:0001107
6333a0bdd6ba5f4f5f55ded65a8013e2,症状和体征,Wills眼科,视网膜色素沉着,HP:0030505
5ae63b0d1554873a18f1129e31bfc05a,症状和体征,Wills眼科,黄斑色素异常沉着,HP:0008002
6347268e3e04f9e1930881b467068b30,症状和体征,Wills眼科,中心凹色素减退,HP:0012643
5c818c65e9c72ca5fa30cd295ae99a05,疾病,Wills眼科,屈光参差,HP:0012803
06604623a63fdc65e09fcd900d122c63,症状和体征,Wills眼科,脉络膜视网膜色素减退,HP:0040030
1a18c68b29342083be40bf8a61efabf9,症状和体征,Wills眼科,绿盲,HP:0011521
67eb88952cbaaaafc3afeef5bd8e216a,症状和体征,Wills眼科,视网膜营养不良,HP:0000556
8e7512b8b9fe43fe6768af368204d29b,症状和体征,Wills眼科,眼前房缺失,HP:0008037
f33c23e995554baaad1963c81602ddc8,症状和体征,Wills眼科,视网膜动脉迂曲,HP:0000631
c6df6e4b6cff833485a6bf21928330ca,症状和体征,Wills眼科,浅前房,HP:0000594
5ef911a29a1b7126957774315e64e0f0,症状和体征,Wills眼科,利希结节,HP:0009737
7aa02d63ec8c7142f532ac0933e6fd33,症状和体征,Wills眼科,脉络膜痣,HP:0025314
d2084e043b88649afa3b632fa1ec8181,症状和体征,Wills眼科,葡萄膜外翻,HP:0025358
20c2276aae8707d00152e5782ca7c8da,疾病,Wills眼科,视网膜色素上皮和视网膜复合性错构瘤,HP:0030510
970803ae7d219f46bc2d6511d171435a,疾病,Wills眼科,脉络膜血管瘤,HP:0007872
0360bc985f422877d743633d1e7b480b,疾病,Wills眼科,视网膜星形细胞错构瘤,HP:0012778
645541c01a7a01bba7f4bc2a0a7f5766,疾病,Wills眼科,视网膜总状血管瘤,HP:0030509
ddec94163a7b4630efc686023268ceff,症状和体征,Wills眼科,视网膜肿瘤,HP:0012777
3f4deebe00907cffecfe2647a0d9f5a5,症状和体征,Wills眼科,乳头周围渗出物,HP:0025093
6604796ae82f1315095efd6a057f96f8,症状和体征,Wills眼科,视网膜血管形态异常,HP:0008046
e1865b6a0721a4a02e8aee88d32eb652,症状和体征,Wills眼科,水平核上性凝视麻痹,HP:0007817
fe03fd859a49094e8e46b482479e141f,疾病,Wills眼科,格状视网膜变性,HP:0007992
3e88ae6639e15629c149f20db80aea8b,症状和体征,Wills眼科,凯泽-弗莱舍环,HP:0200032
79d4ae33373c0f09506bdf4ac993eddb,症状和体征,Wills眼科,玻璃体后脱离,HP:0001489
c5eb04d58b674a9bda18a4074c49b4e3,症状和体征,Wills眼科,脉络膜视网膜色素沉着异常,HP:0007661
9a5c7cb5e6c0004152c03f5bd822d0ca,疾病,Wills眼科,高度近视,HP:0011003
a4943536cf40a8552b55b91e9214e76a,疾病,Wills眼科,孔源性视网膜脱离,HP:0012230
007088fab4d87d7307c6aef7fc7be41f,症状和体征,Wills眼科,视网膜下沉积物,HP:0031528
91bd36f04f151f9dd04727d492273e87,症状和体征,Wills眼科,脉络膜暗,HP:0025148
7a1473c60a6015b233a236b53a890130,症状和体征,Wills眼科,中心凹劈裂,HP:0012152
d1f4a96253283996d875df21687bbd76,疾病,Wills眼科,影响眼睛的发育不全/发育不全,HP:0008056
7f84e2eda9fff88c881002d8322a6010,疾病,Wills眼科,牵牛花异常,HP:0025514
96f245a04a20be8bbb70ce7aef24e2c8,症状和体征,Wills眼科,前房细胞0级,HP:0025563
48e658ed9efe9708cb9fd1ce84dbbb64,症状和体征,Wills眼科,眼底出血,HP:0031803
7b206abbd02f7f9234074c87814d8d18,疾病,Wills眼科,视网膜神经纤维水肿,HP:0020120
e9c0fb670bf08ecfcddd6a5afe6c0092,症状和体征,Wills眼科,荧光素眼底血管造影染料渗漏,HP:0025320
6b3aeb28110fe9feb741fc4615d2b206,症状和体征,Wills眼科,黄斑囊样变性,HP:0008028
37185b8d695bf359db8ef6ef4394b49c,症状和体征,Wills眼科,视网膜点,HP:0032027
2ac8b9657bab812746f506411ffbc585,症状和体征,Wills眼科,缓慢的眼球扫视运动,HP:0000514
e56f1df3b9a878b62d352dc4d6095f36,疾病,Wills眼科,高髓鞘视网膜神经纤维,HP:0007922
b027012dfb10d90b1734e623507f3665,症状和体征,Wills眼科,巩膜色素沉着,HP:0007832
bf2ee6314e53b819011c5d18172794da,疾病,Wills眼科,眼动脉闭塞,HP:0020164
ad7ed9f1e108b52d55e33e7101b3789d,症状和体征,Wills眼科,视网膜神经纤维层形态异常,HP:0020119
087646bd8ad791e2151f6d1b3ecf0e2c,症状和体征,Wills眼科,视网膜静脉形态异常,HP:6001165
88246a859a27bd199058a85835f8d05d,症状和体征,Wills眼科,黄斑部樱桃红斑,HP:0010729
b2f3c1d128415a902624af33072d5455,症状和体征,Wills眼科,光适应闪烁视网膜电图振幅异常,HP:0030479
b86964f6b89f8c84e27bdd34c1aad075,症状和体征,Wills眼科,视盘出血,HP:6001186
95ae86fa6c2e20cf47973e951e2b8d89,症状和体征,Wills眼科,视网膜中央血管血管迂曲,HP:0007768
c3ca4b1b0939866a738cb7969246ef8a,症状和体征,Wills眼科,视力缓慢下降,HP:0007924
3f4ad2636560431635fc3b77e54c9a67,症状和体征,Wills眼科,偏盲,HP:0012377
ab0f9372562c33b0b30393a91806c602,症状和体征,Wills眼科,动静脉交叉征,HP:6001216
cf09019878392f05931b6fe2ccfe472f,症状和体征,Wills眼科,视网膜微动脉瘤,HP:0032416
e0fb2c3ec8d3102ed15bbad326935403,症状和体征,Wills眼科,视网膜动脉/小动脉形态异常,HP:0000630
b1e37a18cb5e3d66b3b679650883e81c,症状和体征,Wills眼科,短暂性单侧视力模糊,HP:0001125
ce587e7141d3a53b786f8db48ff37d5f,症状和体征,Wills眼科,影响眼底的发育不全/发育不全,HP:0008057
52ac9ce6adc6fbef036220461e329490,疾病,Wills眼科,牵引性视网膜脱离,HP:0007917
d2ad2cb1ca13212c32c5229634fbc0df,症状和体征,Wills眼科,斯科托马,HP:0000575
1390639bc7f498fa12d10e69e8c7a910,疾病,Wills眼科,发育性视网膜血管畸形,HP:0007797
5482f9d97967004bcbb5acd096939ab3,疾病,Wills眼科,视网膜发育不全,HP:0010728
4f1d27813462f133f913446c930213ec,症状和体征,Wills眼科,黄斑玻璃疣,HP:0030499
6d3a0b14a824592ce05b19729ab768eb,症状和体征,Wills眼科,视网膜前出血,HP:0025240
5b159b2c2bb03880b7fe975ffd91b687,症状和体征,Wills眼科,黄斑中心自发荧光不规则,HP:0030630
8d2b386604f1ebacc9a950539df0e299,症状和体征,Wills眼科,黄斑 OCT 上的黄斑中心凹低反射区,HP:0030627
8065c8da33edc5e2b76eecc7cf710d27,症状和体征,Wills眼科,OCT 测量的中心凹厚度增加,HP:0030618
da68b58bef0bc9100a253f447dc45c1c,疾病,Wills眼科,视网膜毛细血管扩张,HP:0007763
8739764ec9386a16940b4ef7ab0a4d7b,疾病,Wills眼科,黄斑毛细血管扩张,HP:0030503
19d962fa96428e704c225824bfc117e3,疾病,Wills眼科,中心凹下脉络膜新生血管,HP:0031241
30eb610321354a083a97af9d253ecddb,疾病,Wills眼科,黄斑囊样水肿,HP:0011505
bc8985334d7b48ec1923d9e4fc298938,症状和体征,Wills眼科,夜盲症,HP:0000662
3d7cc59b030666e3d656798d55520c1e,症状和体征,Wills眼科,黄斑增厚,HP:0030498
c1136d285240d3fb2129c08ca0057ca5,症状和体征,Wills眼科,玻璃体黄斑牵引,HP:0031151
c48759e7f38556d5a090f224f98fa85d,症状和体征,Wills眼科,视物变形,HP:0012508
678a0dc6e02729399b9f7124c2e69cb3,症状和体征,Wills眼科,黄/白色黄斑病变,HP:0030500
008308d915ea27bc5fb130628001d44c,疾病,Wills眼科,脉络膜血管通透性过高,HP:0025570
836964969a0ef7caf1876e4fab762a4b,症状和体征,Wills眼科,脉络膜毛细血管萎缩,HP:0030491
8369a7873085ca55f7624fe8762ad8f8,疾病,Wills眼科,中心性浆液性脉络膜视网膜病变,HP:0025567
9996888ee1a05f5207c5a26f09680053,症状和体征,Wills眼科,视网膜斑点,HP:0012045
7e46fafb6507734f6bd75e4b3142b621,疾病,Wills眼科,渗出性玻璃体视网膜病变,HP:0030490
a712031d5dd05edad77ab744a1d2f8da,症状和体征,Wills眼科,中央暗点,HP:0000603
100d9aed188179dae743901a30718340,症状和体征,Wills眼科,大脉络膜血管扩张,HP:0030979
71b26b9d149d7fbc6de36c52626c1727,症状和体征,Wills眼科,血管样条纹,HP:0001102
5d4b841424c8414e1f954ae01cd2ec77,症状和体征,Wills眼科,视网膜下色素上皮出血,HP:0025244
b0d844c4c3bc99ae7d787edb9c49baf7,疾病,Wills眼科,视网膜小动脉大动脉瘤,HP:0025355
7e5f62d935540587029c5444771278b1,症状和体征,Wills眼科,黄斑 OCT 上的视网膜下低反射间隙,HP:0030624
3aafab49d31837850f7f60379ba9c4d1,症状和体征,Wills眼科,黄斑下出血,HP:0025582
39fd218b17d039edbf45480adb5d74cd,症状和体征,Wills眼科,环形暗点,HP:0030529
01f339ff33fdb780f301b5b2b0f1f522,症状和体征,Wills眼科,亚内界膜出血,HP:0031611
da9a101a8ed7926cd432899e566d8c94,疾病,Wills眼科,中心凹色素沉着过度,HP:0008001
af818e60f8dd311a57385d2a8065386c,疾病,Wills眼科,后葡萄肿,HP:0030856
650fc527a2b676f22bc4efa6dcf1f177,疾病,Wills眼科,脉络膜视网膜营养不良,HP:0001135
f136192b0523b175229973fe29083d69,疾病,Wills眼科,轴性近视,HP:0031730
8736af1fcf91955c8da098c1c675ea8e,疾病,Wills眼科,角球状细胞,HP:0001119
6dfd8e05f477e92571407d437188ed20,疾病,Wills眼科,虎眼底,HP:6001439
adeefa993295fa62fc09bcfe344c379a,症状和体征,Wills眼科,视网膜色素沉着异常,HP:0007703
c5e5f9762278df537480262b6e9986ed,症状和体征,Wills眼科,流泪减少,HP:0000633
91fb28f89f0e93a47942d26c26f07ead,疾病,Wills眼科,全层黄斑裂孔,HP:0031152
1c5fe62605d80ec72fa4a13216b587cc,症状和体征,Wills眼科,黄斑斑点,HP:0011507
7aabbb2bc3fc53a1b8f349e08886b058,症状和体征,Wills眼科,小梁网中的色素沉积,HP:0012631
913617acf431d44145adf862d495fcd7,疾病,Wills眼科,玻璃体黄斑粘连,HP:0031150
5a811b455a9dbdec936269a44fa1c40c,症状和体征,Wills眼科,黄斑点,HP:0032028
aa548ac74f523bf57100a9512ea0bc38,症状和体征,Wills眼科,视网膜皱襞,HP:0008052
8da3a3db646d1f2489a1feda985a33d9,症状和体征,Wills眼科,周边视野丧失,HP:0007994
35ed754f5147e5ababb34bc3a47a05b7,症状和体征,Wills眼科,进行性视野缺损,HP:0007987
b9a46e46b4d8c66e37f9518bb6e2aa70,疾病,Wills眼科,先天性失明,HP:0007875
7fc1e6a43de519c83305278902c590c8,症状和体征,Wills眼科,周边视野严重收缩,HP:0030526
f3cbc4a4346a4f627cc5d3d0008bb1ec,症状和体征,Wills眼科,视网膜电图无法检测到,HP:0000550
d14502c61ca208cf85fb269eda0b311f,症状和体征,Wills眼科,周边视野收缩,HP:0001133
62da439e1fe81fbc87050d765ca09639,症状和体征,Wills眼科,异常暗适应暗淡闪光视网膜电图,HP:0030471
83ae4322be8b185d0091dd5b51b0cea0,症状和体征,Wills眼科,立体视觉异常,HP:0011515
dbe64ea97141b2488de66978b425e9ee,症状和体征,Wills眼科,视觉电生理异常,HP:0030453
bacedf037c4edd857132e8dd7dbbf14c,症状和体征,Wills眼科,视网膜色素上皮萎缩,HP:0007722
dd2be7fad1430825b7e966ea70d7d9fa,症状和体征,Wills眼科,难以适应亮度的变化,HP:0030512
a66d85fa279bf830b80d91d3c960f762,症状和体征,Wills眼科,米佐现象,HP:0030824
4c2b1ca4ec381b1fca9ca9a8389481c1,症状和体征,Wills眼科,绒毡样胃底反射,HP:0025583
7668d2f20a98fcf5e40733e8a5f47f39,疾病,Wills眼科,视锥/视杆营养不良,HP:0000548
fb04b45bd51348a7a1c0d23df7acf5d3,症状和体征,Wills眼科,颞视盘苍白,HP:0012511
dff6652cc73a35fb1aca0a8a1cbd8712,症状和体征,Wills眼科,异常光适应单次闪光视网膜电图,HP:0030472
752c6d3a28a8f168490e85544d62cf01,症状和体征,Wills眼科,视网膜裂孔,HP:0011530
09017f67c3c70dcf8b9120647c3dc7d0,症状和体征,Wills眼科,视网膜色素上皮斑片状萎缩,HP:0007791
a8b9231aa97b72976eaba2e04ff6db40,症状和体征,Wills眼科,眼电图异常,HP:0030454
c79bfd1a58f21ccadfc08dcfc34c2315,症状和体征,Wills眼科,强自身荧光视网膜病变,HP:0025158
87c377f8f59d487d2fedc479d8aa5580,症状和体征,Wills眼科,进行性视力丧失,HP:0000529
dec59ac01536eb013aa8388f52af4d07,症状和体征,Wills眼科,卵黄样黄斑病变,HP:0007677
758fb7729d83e9c16360a21c0979ec9b,症状和体征,Wills眼科,明适应和暗适应视网膜电图振幅降低,HP:0000654
fc3da0b89ddafe4837de52f80f0fcc02,症状和体征,Wills眼科,中央凹反射消失,HP:0030825
f90e3021c05c8383cc0ea348916d4949,症状和体征,Wills眼科,黄斑色素沉着过度,HP:0011509
48726887be7ead594cbda1a99ea26ebe,症状和体征,Wills眼科,OCT 测量的中心凹厚度减少,HP:0030619
c9c2c61c7ef3cc89489fa7f2758d87d2,症状和体征,Wills眼科,中央凹色素沉着异常,HP:0030493
8a3163016e5df4fe0d9ca2cfdadae1ae,症状和体征,Wills眼科,黄斑 OCT 视网膜色素上皮损失,HP:0030611
8a2ffa485bb6e7718fdfe9d299c322a4,症状和体征,Wills眼科,盲肠中心暗点,HP:0000576
857d9a6c13c960bb426d499322e19ead,症状和体征,Wills眼科,视网膜神经胶质增生,HP:6001301
f1ab46effa8a002d35551cd2397fd05b,症状和体征,Wills眼科,脉络膜出血,HP:0011887
5bf77aa0fdb311b093e94fdbf567c967,症状和体征,Wills眼科,红色盲,HP:0011522
03891d38e842a3502c3b40f993e00a91,症状和体征,Wills眼科,眨眼频率升高,HP:0034776
6b63e803c2dfcf0586c1f34086ba2637,症状和体征,Wills眼科,瞳孔形态异常,HP:0000615
613392e6a41f7603f6ca2b50c4509ec1,疾病,Wills眼科,上直肌生理异常,HP:0025603
7ed1be9925a7bcc881ca8558f7d24852,症状和体征,Wills眼科,垂直眼外运动受限,HP:0025721
81fc81dfa7966f50b22bf1c58b8c43da,症状和体征,Wills眼科,外直肌活动不足,HP:0031751
9721c03ebfb6cf435a92fc317231de2f,症状和体征,Wills眼科,限制性眼外肌麻痹,HP:0007936
ed060f6f0705d9ee55cc5abfaf60d145,症状和体征,Wills眼科,地球位置异常,HP:0100886
92d8c17d837b624f9d6d1fa656446a1b,症状和体征,Wills眼科,眼球运动异常,HP:0000496
43dba281c20d34835617f26c4aacfde8,症状和体征,Wills眼科,睫状体形态异常,HP:0012776
89511ec25eef9bea69e765ae935733d9,症状和体征,Wills眼科,眼球外展受损,HP:0000634
d84573a58eb355517723d018d999aec8,症状和体征,Wills眼科,眼内收受损,HP:0000542
f4e34ebf6f6f43c3c1fe4e26cd29f5c7,症状和体征,Wills眼科,视网膜动脉阻塞,HP:0025326
ebda055f9c76da7708e5bf04a24572bd,症状和体征,Wills眼科,眼球斜视,HP:0031776
fc209151dced6e812d606df29632b3db,症状和体征,Wills眼科,虹膜灌注不足,HP:0012635
df1db0a90039dab92b44d0e3bc4e36f9,疾病,Wills眼科,视神经鞘扩张,HP:6001281
f9e4d5aa3aea5c73b332c790164b164f,症状和体征,Wills眼科,瞳孔光反应慢,HP:0030211
ede91950f3afd844c14b0a7e5c411cc4,症状和体征,Wills眼科,视神经受压,HP:0007807
a5bfcff1cadab624be54455a560b2a44,疾病,Wills眼科,角膜穿孔,HP:0100583
4dbd328478f1d4d671f8118e3e87de64,症状和体征,Wills眼科,晶状体囊形态异常,HP:6001381
0e91e6dc2a297b1fab8ef134b41aeaf0,症状和体征,Wills眼科,角膜溃疡,HP:0012804
7f89c11fcdf9d7a3520ca0e4dc1a1264,症状和体征,Wills眼科,结膜下出血,HP:0011896
69fa137ce30fbc565b4ad947146bc679,症状和体征,Wills眼科,虹膜缺损,HP:0000612
e369b583e078052bb8438d560d4d9f0c,症状和体征,Wills眼科,视网膜下出血,HP:0025243
a8291b96942cc4b7a7ea5bd42cc73b25,症状和体征,Wills眼科,视神经萎缩,HP:0000648
46e662f842261b4e6d7f7465dd4b391f,症状和体征,Wills眼科,视坑,HP:0034567
51089610d0e9b9a163bde31d9228c2f8,疾病,Wills眼科,视网膜母细胞瘤,HP:0009919
6087c114c687c52ff0418d880eabdcd4,疾病,Wills眼科,视盘玻璃膜疣,HP:0012426
9adfb3e1cc18cd682e0773739806246f,疾病,Wills眼科,视盘形态异常,HP:0012795
4cf56f8e201627a54f509a1662d2e25a,疾病,Wills眼科,黄斑营养不良,HP:0007754
104abca47f9cab4747a958e2752b8ca6,症状和体征,Wills眼科,中心凹周围低自发荧光,HP:0034272
0360f44c9db1392b13faf288f5571fb6,疾病,Wills眼科,息肉状脉络膜血管病,HP:0025569
151fed640d19a6d4b8b944b23bc8ec35,症状和体征,Wills眼科,黄斑 OCT 视网膜内低反射间隙,HP:0030623
77d9ba9e270a9605fd88895a7f0364e2,疾病,Wills眼科,角膜内皮形态异常,HP:0011488
03c816e54a9e23a82f1fe35c91551fde,疾病,Wills眼科,斑点性角膜营养不良,HP:0007962
a5ebebe491936aedb9a2b40b3745b5c9,症状和体征,Wills眼科,增加垂直杯盘比 - 1.0,HP:0031978
e6dd5d59e505bba4606b676a7a37366b,症状和体征,Wills眼科,增加杯盘比,HP:0012796
03a51d06c48db905fb3fa03b34ecfa93,症状和体征,Wills眼科,红绿色色觉异常,HP:0000642
a6908a957ddd1980b243982844fe38a0,疾病,Wills眼科,青光眼视野缺损,HP:0007854
6efd4eb1f4031b40388816ad3ac1b9e4,疾病,Wills眼科,假性剥脱,HP:0012627
1c98ce8df6a575848dfb94675017d8d9,疾病,Wills眼科,丽格异常,HP:0000558
2cd37d5d515dc8264a6c905c644b9a3e,症状和体征,Wills眼科,巩膜形态异常,HP:0000591
21c446d73c33e08430d9e24c015856e6,症状和体征,Wills眼科,阿姆斯勒方格测试异常,HP:0030590
d57987d2fa88ddaf82d2e3d8805c8aec,症状和体征,Wills眼科,前房粘连,HP:0007833
82fab0a170a61c448aa0cc17acf2b9cf,症状和体征,Wills眼科,虹膜色素不对称,HP:0200064
05f04a8e9e2bf1113ee93649f96ca5d5,症状和体征,Wills眼科,后胚胎毒素,HP:0000627
2824f4840a86004d1b44299de94ca03d,症状和体征,Wills眼科,晶状体悬韧带形态异常,HP:0012628
c597afce826d0399605aad200cac6a5c,症状和体征,Wills眼科,后皮质白内障,HP:0010924
dd22e67b8dc26a2ee036884ff688f6b7,症状和体征,Wills眼科,Koeppe结节,HP:0034820
41e761521286bc56abe1eaa6ca2d2742,疾病,Wills眼科,多形性后角膜营养不良,HP:0007915
8f862e39cc292c65d4a02b78abf90f8d,症状和体征,Wills眼科,Schwalbe形态异常线,HP:0008048
4d02ccf268ba2fec04e6e5479d074440,症状和体征,Wills眼科,角膜点滴,HP:0012038
954c8f53cb0de76bd3ef0a3ff9cdcbe8,疾病,Wills眼科,玻璃体血管系统的残余物,HP:0007968
4453eb3baddb2e428eb0731057ce8482,症状和体征,Wills眼科,小眼球,HP:0000568
090e9eb8b8d18580f855c9d6b17633b3,疾病,Wills眼科,早产儿视网膜病变,HP:0500049
62672773a88e0d8ef90bcd319eb0163d,疾病,Wills眼科,早产儿视网膜病变阈值,HP:0500064
b303c1b653b4be8136ef3ba2e1ca0aad,症状和体征,Wills眼科,虹膜充血,HP:6001237
351d1c1776b160ed36a92a7eb9e5c01d,症状和体征,Wills眼科,镰状视网膜皱襞,HP:0001493
491b1a3369321cb1d8ea73d4f815389b,症状和体征,Wills眼科,下斜肌过度活动,HP:0025599
57eaecc32cda60c868ea9f8de99f4878,疾病,Wills眼科,非调节性内斜视,HP:0031760
1349b5232de5b7a756e3cbc5de0f0bbe,疾病,Wills眼科,调节性内斜视,HP:0020046
90de84f2565a306493ecc07ea1036eeb,症状和体征,Wills眼科,交替性隐喻,HP:0500079
95912fb599ae588daf5dfe9a1ee193f2,症状和体征,Wills眼科,伴随斜视,HP:0025068
0e7dd0604264bf62a7937f406fad5a84,症状和体征,Wills眼科,内斜视,HP:0031726
d298d21413795ec43eb63c5d7d16ab59,症状和体征,Wills眼科,内直肌无力,HP:0031753
f4f8c178d0b4f072add4e85aa4ce2a6c,疾病,Wills眼科,近内斜视,HP:0031722
209de6dcb53013e0aa65b661ff4b6fef,症状和体征,Wills眼科,针孔视力 0.1 LogMAR,HP:0030569
baf5d304146a2dcbb70a1af3a6b7fc20,症状和体征,Wills眼科,收敛过度内斜视,HP:0031766
c83d2ea031b32b5f4e994d2bb7ba6cf6,症状和体征,Wills眼科,远视散光,HP:0000484
a9e5e29425fc500c863fa2d0184f32dd,疾病,Wills眼科,持续性外斜视,HP:0031713
b9216c15b0d6d5d38096ca092cd1d2ef,疾病,Wills眼科,感觉性外斜视,HP:0031721
2ec874b539e04b0f1abd80299ee8182a,疾病,Wills眼科,交替性外斜视,HP:0031717
87a02ecb60a87b55a18c112c416d446f,疾病,Wills眼科,连续性外斜视,HP:0031718
c707d39b2b8ea2a48a72f6ec0af349c0,疾病,Wills眼科,距离外斜视,HP:0031714
c0ff74b3a05ebad4d48add87969d3a2c,疾病,Wills眼科,低偏差,HP:0025588
e0d4a8e813b15f103b54bdcae927e024,症状和体征,Wills眼科,内直肌限制,HP:0031757
ee5fe240564bf65dcbdadc5d739bf828,症状和体征,Wills眼科,垂直共斜视,HP:0020043
0a94c7f8d44e9b64f76563d660d3a8cc,症状和体征,Wills眼科,下直肌限制,HP:0025602
2fef3a4c8478dae267d5e27eb5c7667d,症状和体征,Wills眼科,上斜肌限制,HP:0025593
9259bd8f19c0ab2c20b504cb5cfd4eda,症状和体征,Wills眼科,下斜肌无力,HP:0025598
d505e57106835242ba980f7f5ee30b62,症状和体征,Wills眼科,视神经动静脉畸形,HP:0031256
b8f79fe06eb81e00558138724ecc7245,症状和体征,Wills眼科,分离垂直偏差,HP:0500074
00e0714b72ed6275ac5f7e22e4bdfd5e,疾病,Wills眼科,中度远视,HP:0031729
457be796456703ac803af13d7a5503d5,症状和体征,Wills眼科,眼前节发育不全,HP:0007779
1d4bb8ed114c1f2afbfbd2019de961b4,症状和体征,Wills眼科,进行性白内障,HP:0007834
fa1c66a3cbe600e0edba2f36dcac42d6,疾病,Wills眼科,复发性眼外肌麻痹,HP:0007250
2c73e8b9762b9b0537bba2d8fddff3f0,症状和体征,Wills眼科,异常大的地球仪,HP:0001090
0c14f20c14ae88313405dc188d029222,症状和体征,Wills眼科,哈布纹,HP:6001217
8fad3f143849f3251c563c6f7c5a4eeb,症状和体征,Wills眼科,黄斑发育不全/发育不全,HP:0008059
58a7ab38b7438fc5eae47eb7fbdae6d7,疾病,Wills眼科,晚发性先天性青光眼,HP:0008041
cd7c9ceb25cdac0cdc809bf786750919,疾病,Wills眼科,小角膜,HP:0000482
8b86b8c7f71fe84a47fc94cfa397d10f,症状和体征,Wills眼科,多毛属,HP:0011500
0edc2eed006dd4a25157ce0821adcc50,疾病,Wills眼科,巩膜角膜,HP:0000647
608cf1b76bf29886e8d19815b28942a8,疾病,Wills眼科,先天性无晶体眼,HP:0007707
8cfde1b93a31526949111f18c0e413a1,症状和体征,Wills眼科,超距离,HP:0000316
06a3e571b081f22e372f72f0dc31b361,症状和体征,Wills眼科,异常眼球扫视运动,HP:0000570
8bec34cf99255cc0374062771878870f,疾病,Wills眼科,先天性眼球震颤,HP:0006934
35e9987d1a64e444330b80ae7f8c722b,症状和体征,Wills眼科,黄斑 OCT 黄斑中心凹异常,HP:0030622
7ed787de83d3ee3a49cc5471216ae6bd,症状和体征,Wills眼科,视盘发育不全,HP:0007766
a7a0691cf0a0ded1c9b4ffc3e40c0841,症状和体征,Wills眼科,水平视动性眼球震颤,HP:0008026
6af697ffb505247129d6debdf403d617,症状和体征,Wills眼科,摆动性眼球震颤,HP:0012043
32ad4b5db4b8fd160b8270a033d200c1,疾病,Wills眼科,致密后皮质白内障,HP:0007948
cf3908981fd88b327b68f3a4cfe7a310,症状和体征,Wills眼科,眼睛生理异常,HP:0012373
64cd644169714a2ac2df13323012fcb0,症状和体征,Wills眼科,跷跷板式眼球震颤,HP:0012044
8515ea461a30619049b36db532e8c669,症状和体征,Wills眼科,垂直眼球震颤,HP:0010544
428d3410449019e26606cb39d85965cf,症状和体征,Wills眼科,前庭眼球震颤,HP:0010542
9d029d35dee85da480b2a10a2586f2b5,症状和体征,Wills眼科,角睑粘连,HP:6000101
9ba1c9bf45ba28782b4a006b526b8bef,症状和体征,Wills眼科,巩膜深部充血,HP:0025340
66dae62fa3e9eea6a76f5dbd25aca7a4,症状和体征,Wills眼科,前房形态异常,HP:0000593
12d4d7205eef2681896041b13de7fb9d,症状和体征,Wills眼科,结节性角膜营养不良,HP:0007827
4533293c7d124fddf4b782750e6a66bb,症状和体征,Wills眼科,巩膜厚度异常,HP:6000841
c10428993117e09e4e84463903ba5ca5,疾病,Wills眼科,中间葡萄膜炎,HP:0012124
6df68df7952a87a91e096823d5771266,症状和体征,Wills眼科,脉络膜视网膜色素沉着过度,HP:0040031
66d03a4c058d342b5cd1962dba8604d6,症状和体征,Wills眼科,蓝锥单色,HP:0007939
fcddbd1ff3321bdfeff898903acfb96f,疾病,Wills眼科,霍纳综合征,HP:0002277
0f1502ecac105e5eea21c1877a9206c0,症状和体征,Wills眼科,双侧先天性瞳孔散大,HP:0007932
5802c09f2cfff83556dfd3612d33c7e2,症状和体征,Wills眼科,核上性凝视麻痹,HP:0000605
4832babb1fdc422b0c1b446d70961f7a,症状和体征,Wills眼科,会聚-回缩性眼球震颤,HP:0025711
60823e57867ac2762726fe5cee68780c,症状和体征,Wills眼科,完全眼肌麻痹,HP:0007824
f3aa051a3401eda555badcad82a5a45a,症状和体征,Wills眼科,内部眼肌麻痹,HP:0007942
8fdacf3d413c2101399bd5881b4883d2,症状和体征,Wills眼科,周边固定,HP:0031769
56ddc378710c1e1da00648c7f3e7df48,症状和体征,Wills眼科,先天性上睑下垂,HP:0007970
a581b1431603af8ee6559aff26c931eb,症状和体征,Wills眼科,单眼水平眼球震颤,HP:0007747
a11caabae96a1bef843fb8d15f372f8a,疾病,Wills眼科,动眼神经联动,HP:0033851
255e41fe203549a0b029aaad2c026b5c,症状和体征,Wills眼科,超偏差,HP:0025587
4401dd0d40b2680045ac5eabc1343062,症状和体征,Wills眼科,单侧上睑下垂,HP:0007687
c8525195b3ae2d8ae4a2680097871901,症状和体征,Wills眼科,向下凝视麻痹,HP:0025330
4b5dcdcec38fa1699d169af6704d3082,症状和体征,Wills眼科,复视,HP:0000651
d5585dae26886123c31a38c4fce0d218,症状和体征,Wills眼科,下斜肌限制,HP:0025597
c4fa3c05525fba1972469a30b831c0f7,症状和体征,Wills眼科,直肌生理异常,HP:0031755
a48752f95a2ced578a0c854cc585088c,症状和体征,Wills眼科,异名偏盲,HP:0030517
ce23f68d14469088fc33adec72cd3f94,症状和体征,Wills眼科,眼外肌无力,HP:0007715
656f912f62492b63e2ac57639ac89ec1,症状和体征,Wills眼科,凝视诱发的眼球震颤,HP:0000640
19d980f0b9cf5e964b2709867b332c4a,症状和体征,Wills眼科,结膜充血,HP:0030953
a7c93b7d816da5ebcdb9b2d08e6a4a98,症状和体征,Wills眼科,进行性眼外肌麻痹,HP:0000590
0a4f1f4ab426762fd63197059f8ce9ae,症状和体征,Wills眼科,缺乏顺利的追击,HP:0007179
dc9ac3edf14049b289dfbf7c450aa758,症状和体征,Wills眼科,扫视平滑追踪中断,HP:0001152
a8aebb47b267ed30bfd802910d7d3b43,症状和体征,Wills眼科,水平扫视障碍,HP:0032015
f04967ce2eec01982074d80e856a9482,症状和体征,Wills眼科,乐观的眼球震颤,HP:0011477
dc6913169f79ccff2ca9c1c72640803e,症状和体征,Wills眼科,中央视野大缺损,HP:0001129
be643525884e1ec73c22a5cc25d638bf,疾病,Wills眼科,假性视乳头水肿,HP:0000538
e43e6fd34492339b138d39ff507a7d87,症状和体征,Wills眼科,视力轻度下降,HP:0032037
c492f8b6474ef7c568a635538fdb1b02,症状和体征,Wills眼科,视神经灰色新月形,HP:0500086
d5750477971e11bd6d2969179dfaa5f7,症状和体征,Wills眼科,视网膜分流血管,HP:6001183
bf743d95a180e3e05541c281479b75b4,症状和体征,Wills眼科,异常三色视,HP:0011519
b56d9ffa5192e1cbf22f54841c4bd442,疾病,Wills眼科,扫视振荡,HP:0032104
34d7a56e7328b087d32d91ce4b3fab8a,疾病,Wills眼科,视神经发育不良,HP:0001093
96f56109f5229af447885cb938068bf3,疾病,Wills眼科,发育性白内障,HP:0000519
d3d5a8af35ad136bd364b075c17e39e3,症状和体征,Wills眼科,混沌快速共轭眼球运动,HP:0007295
8f723d874dc85eb8f962c66aeebd418b,症状和体征,Wills眼科,旋转性眼球震颤,HP:0001583
21ef0f4c05030b0b5ecbfef1fc416180,症状和体征,Wills眼科,眼球震颤引起的点头,HP:0001361
8c101892537376c575b48f9ee310790a,症状和体征,Wills眼科,单眼斜视,HP:0010877
f4d2e300adfaffe3aa40c390b26f6287,疾病,Wills眼科,悲观眼球震颤,HP:0010545
97485d92ecd61d7e159bbcb09c7fd77a,疾病,Wills眼科,眼阵挛,HP:0010543
53e9cdfa89b03403f27ffbdc76113955,症状和体征,Wills眼科,视神经电车轨道标志,HP:0032270
e428a799d7e3c45208d93027873cd4cd,疾病,Wills眼科,先天性霍纳综合征,HP:0006837
5ef463735aa7c5ae744d78c04d2c24bf,症状和体征,Wills眼科,角膜形态异常,HP:0000481
6151e8d3336c7846e03433838832e0c5,症状和体征,Wills眼科,巩膜增厚,HP:0030823
52e879dd37569d526007004cf154a4f8,症状和体征,Wills眼科,结膜血管形态异常,HP:0008054
496accd4fc223ecbad211882540e2cdf,症状和体征,Wills眼科,缓视,HP:0030511
d2d08f4e7ba9048e5f74b67a45c7bf02,疾病,眼科学第四版,巨角膜,HP:0000485
3306552d9f64c34fc5c0e7f7c28e3db6,症状和体征,眼科学第四版,追踪顺利度受损,HP:0007772
57c8237b0663534c2e1a6c5efc76ba57,症状和体征,眼科学第四版,上直肌过度活动,HP:0031745
81f1eb8bdfa397deb4f81d965f7db6f7,疾病,眼科学第四版,视盘血管形态​​异常,HP:6001168
261b368ae9f4da39b9e93e00ac61cc65,疾病,眼科学第四版,睫状体视网膜小动脉灌注不足,HP:0020163
aa7a2e6c65ef08b896634cbb9cb28adf,疾病,眼科学第四版,味觉流泪,HP:0100274
32b950e44daa1019234fd7d8eefe7ff0,症状和体征,眼科学第四版,基础泪液产生增加,HP:0031732
3f4402853f6fb4476434d15a74a3c5d1,疾病,眼科学第四版,前葡萄肿,HP:0030855
044788a267711b14d46f7ad248358c6e,疾病,眼科学第四版,持续性瞳孔膜,HP:0009917
2aba186fb454509ec19ea07e95d45657,症状和体征,眼科学第四版,最佳矫正视力 1.0 LogMAR,HP:0030563
205fdb325ab408a5361020dd34484d9b,疾病,眼科学第四版,完全性先天性静止性夜盲症,HP:0030640
b770fb99c8465744d7ed006186263d4b,症状和体征,眼科学第四版,暗适应亮闪光视网膜电图 a 波振幅减小,HP:0030483
e304b576e238424cf955d6173762f991,症状和体征,眼科学第四版,从暗到亮的调节困难,HP:0030514
7665187a5fb0fb86266f005fd7aa85dd,疾病,眼科学第四版,负电性视网膜电图,HP:0007984
8314ef0f9493ec384660da7b52c7b226,症状和体征,眼科学第四版,视觉诱发电位异常,HP:0000649
6932f6c2c01b87f96aeb3c409a66f9e8,症状和体征,眼科学第四版,裸眼视力 0.3 LogMAR,HP:0030538
31f88664eae771ec84d8d95b2548e7c3,症状和体征,眼科学第四版,黄斑 OCT 上的低反射空间,HP:0030625
3ca1a76d2e55f60ddbc5f06122818071,症状和体征,眼科学第四版,黄斑疤痕,HP:0200056
e07fc686887d356199e883206dbd9ed3,疾病,眼科学第四版,吲哚菁绿血管造影异常,HP:0030605
2445a4e0ecf2260c8b2c51c49529ded4,疾病,眼科学第四版,光学相干断层扫描异常,HP:0030603
4a0374ffdb3f1e7007aeb5487d14cbb2,疾病,眼科学第四版,混合散光,HP:0031790
a0d4d0ca739c6dfd93f9a4264503b99d,症状和体征,眼科学第四版,视力模糊,HP:0000622
ddfba565e1e234f2cebe89888210ec08,症状和体征,眼科学第四版,阿拉克里马,HP:0000522
f3ffcbb009211df4f2893d6358b1d7bf,症状和体征,眼科学第四版,假性神经胶质瘤,HP:6000262
548a6d67a3114f64c9297525be38d9a3,疾病,眼科学第四版,扫视入侵,HP:0032114
3a48f70a924221b93ddc1ac86429fcb7,疾病,眼科学第四版,无眼球,HP:0000528
407422fc76289513f897e594866385a6,症状和体征,眼科学第四版,脑视力障碍,HP:0100704
1a4048b4a1c315a540425510663f6a24,疾病,眼科学第四版,弱视,HP:0000646
59888461d3d06ea5b5c2bc692194200b,疾病,眼科学第四版,视力中度下降,HP:0030515
0f7b2ef36b17a9c06df6b38819689aef,疾病,眼科学第四版,眼睛形态异常,HP:0012372
c5406eaee18032742e652b91d5edba9c,症状和体征,眼科学第四版,与年龄相关的不良视觉行为,HP:0025152
c26a1f2a2a96b7015eaa652507012ae6,症状和体征,眼科学第四版,独眼巨人,HP:0009914
6179de060327071a889c1660e3043c09,疾病,眼科学第四版,微扫视追踪,HP:0007792
e1a933afbfca1e7570d502a26d53e50b,症状和体征,眼科学第四版,周边视网膜变性,HP:0007769
b83ef4d4edae5692119cb25cf6e66545,疾病,眼科学第四版,潜在远视,HP:0500042
92a3251e815619f456f6ff57be1a8ca2,疾病,眼科学第四版,角膜散光,HP:0025612
ee7b1a6060dd00cd3f82d112b9f0ac76,疾病,眼科学第四版,不规则散光,HP:0031792
abc5b05dd18fc63bf175686d262f2e72,疾病,眼科学第四版,神经源性斜视,HP:0031775
da19e3f0d245c5e3506041671bf8cc3e,疾病,眼科学第四版,模拟远距离外斜视,HP:0031720
a8793ce4d7d74844c26fe584e2f0cc42,疾病,眼科学第四版,交替性上斜视,HP:0500076
cd014b96eb15fca69aeeeaa0127d97dc,疾病,眼科学第四版,交替性斜视,HP:0500078
4dd2914aed2f2f0956c55a0897e2e4e1,疾病,眼科学第四版,继发性内斜视,HP:0031723
b4e57b19e61a75b56e6bb86202aba7e3,疾病,眼科学第四版,水平共生斜视,HP:0020044
6fc1fe3f942fb315396ec24661bec988,疾病,眼科学第四版,近外斜视,HP:0031715
5e934f516feb937d9c0361ed67425d7b,疾病,眼科学第四版,距离内斜视,HP:0031762
f07a923c9db78220298f560d39c4974a,症状和体征,眼科学第四版,上直肌活动不足,HP:0031747
d174876b7209cef36d8766ad8a9d32dc,症状和体征,眼科学第四版,共轭眼球运动异常,HP:0000549
4fe0b95dc5dc7c2b4ce963b254bd7a86,症状和体征,眼科学第四版,下直肌活动不足,HP:0031742
920d09e3bf1aa404920c93db35a556cd,症状和体征,眼科学第四版,角膜瘢痕疙瘩,HP:6001289
b2913ab456c4f135b8901a8de3597b4f,症状和体征,眼科学第四版,虹膜基质发育不全,HP:0007990
b7b5ed468b5ffb341327f277a2accc0a,疾病,眼科学第四版,脉络膜视网膜发育不良,HP:0007731
e13028363222c7d9acad46e301b6526c,症状和体征,眼科学第四版,核性点状白内障,HP:0010925
b3fd9266ab73c3c1692ea947a0619034,疾病,眼科学第四版,超低视力，无光感,HP:0032287
a550bc54695ef37c81a437205e528859,症状和体征,眼科学第四版,前房耀斑 1 级以上,HP:0031618
b7fa7c2ecf4c1e3b586fca1ea0230f76,症状和体征,眼科学第四版,白点眼底,HP:0030642
68a378c69f1fb596bf62c73572acdbd3,疾病,眼科学第四版,膜性白内障,HP:0010922
bf9d6fe5b475f7de0abe0121a6f54db1,疾病,眼科学第四版,晶状体形态异常,HP:0000517
52ce182b2981f8c0783149b5f703f9b5,疾病,眼科学第四版,萨尔兹曼角膜结节,HP:6001230
554d5df4ec1f46ef15cef48c03a2ce05,症状和体征,眼科学第四版,角膜上皮混浊,HP:0007727
679d1ad077211d054f808bb581b628a8,症状和体征,眼科学第四版,血泪症,HP:0034803
901f9d2c7126d0b1b55396a376ee198e,症状和体征,眼科学第四版,黄斑 OCT 上的中心凹视网膜内低反射空间,HP:0030626
6cb23ef1aad2b00be6f34740964688b0,疾病,眼科学第四版,泪道泵故障,HP:0031734
fbf7967a4197b2c5a16aafc98db1fb99,疾病,眼科学第四版,核上性眼肌麻痹,HP:0000623
1c6d1abb3a5b8c5e63082ae8344679cf,疾病,眼科学第四版,巩膜神经鞘瘤,HP:0100011
f0f7efae26632e0b05d458d5e319a236,疾病,眼科学第四版,单色性,HP:0007803
65e72987d09e6d3034b84502ed2c5c35,疾病,眼科学第四版,临床无眼球,HP:0020001
5034dfc404dd911ef8a86e3703319b28,疾病,眼科学第四版,地球仪尺寸异常,HP:0100887
4717eedc6ffe64648f5b5d448ed77955,症状和体征,眼科学第四版,振荡藻,HP:0034773
c84f57a322bcc1018678c0d8b9d071d1,症状和体征,眼科学第四版,视野缺损,HP:0001123
de470a13a7bc5158d6b90bace62b45d3,症状和体征,眼科学第四版,一致同向偏盲,HP:0030518
dac7cf84a5824a90ee32ea3650e06882,症状和体征,眼科学第四版,失明,HP:0000618
70c61e49bc335a0ae80b97bb3affb491,症状和体征,眼科学第四版,视神经走错路,HP:0025551
a52f29c08af00fe380145f92cf460835,症状和体征,眼科学第四版,异位中央凹,HP:0025007
9a9ec2e8a388e20078f47fc6d6b75f91,症状和体征,眼科学第四版,视网膜血管分布增加,HP:0007986
92dcc02082d60eb8dc603b98e32ac474,症状和体征,眼科学第四版,眼底色素沉着过度,HP:0011512
40f6631e048fbf86fcce99bef40f1552,疾病,眼科学第四版,高血压性视网膜病变,HP:0001095
113ed1074e2933715df7fdd4a0359841,疾病,眼科学第四版,视网膜动脉炎,HP:0008030
2f62a93c8f648d9956a894d532e1f278,症状和体征,眼科学第四版,角膜点状混浊,HP:0007856
7beea972fd273ef05f0696511e1d71a2,症状和体征,眼科学第四版,黄斑血管形态异常,HP:0030495
401666eedd24aaa15e945750753bb858,症状和体征,眼科学第四版,中央视网膜渗出物,HP:0007822
816c17dc0adacd12ee4d9defa9e1d415,疾病,眼科学第四版,钱币状角膜炎,HP:6000912
2ad950f0e4720d182f2273a0c887f243,疾病,眼科学第四版,脂溢性睑缘炎,HP:0500046
f056b52c483069e4ca67a810a703fcbb,症状和体征,眼科学第四版,结膜血管迂曲,HP:0000503
d32cf5c485497a44970dce3d2ff92619,症状和体征,眼科学第四版,眼跳障碍,HP:0000641
0bebc886622c9a267b71f1578660da05,症状和体征,眼科学第四版,水平急跳性眼球震颤,HP:0007286
6328b3216f5c25d800850ad464e7ccc4,症状和体征,眼科学第四版,角膜反射消失,HP:0034252
d3645c878249dab4c632ed5470a06abd,疾病,眼科学第四版,视神经炎,HP:0100653
a99b2ad0d2d70776e06a6c73fb536eda,症状和体征,眼科学第四版,自动动态视野检查异常,HP:0030594
5d3eb6001bd7ecb60aa2ed80d51e01a2,症状和体征,眼科学第四版,眼底色素减退,HP:0007894
12bf5217222dd0918d9e524433fe807d,症状和体征,眼科学第四版,影响眼前节的发育不全/发育不全,HP:0008062
edb5000dadf89c5743f3d308038676d9,症状和体征,眼科学第四版,角膜反射异常,HP:0034251
3ea4d2174550c2cf3570cd3dbe644023,疾病,眼科学第四版,胶状水滴样营养不良性角膜,HP:6000712
8090e0d0ac43f0e457649fd0910362f3,疾病,眼科学第四版,小梁网形态异常,HP:0012630
64e4acbab6cbde9fa35186033357f04b,症状和体征,眼科学第四版,卵黄样视网膜病变,HP:0030643
77e94c7df65843ffb24f21ecfb3f2592,症状和体征,眼科学第四版,一致异向偏盲,HP:0030519
0ee49212a7ed4ff78357a9ec44c3e486,症状和体征,眼科学第四版,瞳孔形状异常,HP:0025309
34a951ea9025f199ec53bef07c914ec9,症状和体征,眼科学第四版,OCT 上的高反射视网膜点,HP:0020032
91af62e36ac74fccf3ac3788b9b76b99,症状和体征,眼科学第四版,周期性外斜视,HP:0031716
134bda5890386d2fd79181d4ba794b7c,症状和体征,眼科学第四版,与视网膜下疤痕组织相关的局灶性色素沉着过度区域,HP:0020312
ad4f6e0ed05160126fe89066ce4f620d,疾病,眼科学第四版,晶状体缺损,HP:0100719
ed6f79cbe4fde5f5c73073f627a79f91,疾病,眼科学第四版,珊瑚状白内障,HP:0010921
097056f46b6b04e05d463d42b8d97828,症状和体征,眼科学第四版,层状粉状白内障,HP:0010694
a129df286dec37f72e3c23cff03d60c4,疾病,眼科学第四版,晶状体散光,HP:0031791
07772e80bb08df91bef1a9e10fc5ec88,症状和体征,眼科学第四版,具有保留光感的超低视力,HP:0032286
b76d7878a24dd39838ab2f4d54e232bc,症状和体征,眼科学第四版,前锥体白内障,HP:0010697
df69a8af95f7859553950bdaeef3aa71,疾病,眼科学第四版,后极白内障,HP:0001115
9bbf075b587607050e40879a0ca4e8ac,疾病,眼科学第四版,年龄相关性核性白内障,HP:0011142
757d2a8a0338f8112b2c4a30d9eccd9a,疾病,眼科学第四版,粉状白内障,HP:0010693
0fa5bb0691fde6e8fafe011ac6890fab,疾病,眼科学第四版,点状白内障,HP:0007648
228a07ad1b651ddf4bd285f2ef1bfa1a,疾病,眼科学第四版,缝间性白内障,HP:0010695
728f4501f9bacb421aca6ac0166e88dc,疾病,眼科学第四版,前极白内障,HP:0001134
e7a7e7674706e84a5bdd34dd3b799a41,疾病,眼科学第四版,蓝色白内障,HP:0007976
34b83d7e62ffe1f4c3f7f00ecab9b1ea,疾病,眼科学第四版,前圆锥形,HP:0011501
b25cd7292f5c9a147647d05f85e37257,疾病,眼科学第四版,年龄相关性皮质白内障,HP:0011143
02f63386dc07891376297ef109e76d6d,疾病,眼科学第四版,葡萄膜形态异常,HP:0000553
fffd7e20c933c72316b3cdbda291ae90,症状和体征,眼科学第四版,镜片形状异常,HP:0011526
3c84bbb6cfe7e0010a6e3fc5db7cd1b8,症状和体征,眼科学第四版,鳞状黄斑病变,HP:0025110
02ac83fe416fb2b4967a986ba8b10ace,症状和体征,眼科学第四版,前房囊肿,HP:0025311
8666d8583132c0bbe5b8d7732c174c20,症状和体征,眼科学第四版,打铜色黄斑光泽,HP:0025147
76c92198f796c67ccf54530586d0fa7d,症状和体征,眼科学第四版,对比敏感度严重降低,HP:0032110
c2be484ab24f83548c98d6c33f256109,疾病,眼科学第四版,交替性内斜视,HP:0001137
246dcf5b1d38a5f4996c62406db61631,疾病,眼科学第四版,周期性内斜视,HP:0031763
7fd440985306e1816a06f4bb215dbd94,症状和体征,眼科学第四版,轻度远视,HP:0031728
17778b89be6ebf3e79e7fc6c786de768,疾病,眼科学第四版,中度近视,HP:0031624
e97c1d01e6303ce2f2c1fbd7d07cf1fa,疾病,眼科学第四版,基本恒定内斜视,HP:0031759
9ac457dcb37e315a1d8d73413201117c,疾病,眼科学第四版,上斜肌生理异常,HP:0025591
de439ca37d3e3586afb627c0d9f94d2c,症状和体征,眼科学第四版,上斜肌无力,HP:0025592
5b8a47dd77de18e7ec7ffd8dcb30abae,症状和体征,眼科学第四版,补偿性头部向左肩倾斜,HP:0031710
dd9231f3b2c881b4b8157a5554347e83,症状和体征,眼科学第四版,上斜肌活动不足,HP:0025595
4b8f952bd5ad2cd75e366d5361c12a09,疾病,眼科学第四版,圆偏差,HP:0025589
cc58c40b9e8e39338f261473f4489e66,症状和体征,眼科学第四版,外直肌限制,HP:0031758
64ecb420ecb530a243e1bd90bd6e3c80,症状和体征,眼科学第四版,增加球体的轴向长度,HP:0007800
d993608592ea6a8f801bd773026db767,症状和体征,眼科学第四版,补偿面向左转,HP:0031708
648c165cecf9dbf47114f96df61d00ef,症状和体征,眼科学第四版,补偿面向右转,HP:0031707
97ad2e7d69809d71266a060421e09d1e,疾病,眼科学第四版,角膜疤痕,HP:0000559
3cf7d52d2a329c927e4b7670b5617d6d,症状和体征,眼科学第四版,模式起始/偏移视觉诱发电位的异常时间,HP:0030458
9a978b6fdfec13dfba997eca63950750,疾病,眼科学第四版,囊下白内障,HP:0000523
b8c615068afa02ea914074fcebadb2b3,症状和体征,眼科学第四版,视觉注视偏好,HP:0025518
c17d2f75af30fadfd78f099ed0cd08cd,症状和体征,眼科学第四版,无投影情况下的视力光感,HP:0030552
6e9d15c0561071c67766dcd50c0162bd,症状和体征,眼科学第四版,最佳矫正视力 0.1 LogMAR,HP:0030554
721a19546b4a5b36e36acbcdea77e0f5,症状和体征,眼科学第四版,黄斑呈颗粒状,HP:0007793
25c436d9f0ba04acd474ebefcb05335e,疾病,眼科学第四版,早产儿视网膜病变 4 期,HP:0500053
5295a1dd3143c285d2aa42de18934967,症状和体征,眼科学第四版,黄斑盘状疤痕,HP:0025094
d6f58941bc7684c74db3890b2fb402c0,症状和体征,眼科学第四版,黄斑中心凹出血,HP:0025581
d44083459f280d0c22ab9598fcb5d7d4,症状和体征,眼科学第四版,黄斑 OCT 上黄斑中心凹视网膜内层缺失,HP:0030621
7b0bd7f1a0e8a52d150121b7acba0a16,症状和体征,RetinaRyan,水平眼外运动受限,HP:0025720
3723fcc37e84a273674e9107815a2172,症状和体征,RetinaRyan,黄斑 OCT 光感受器层损失,HP:0030609
90652b42ddad53d4d87706c80964a724,症状和体征,RetinaRyan,黄斑 OCT 光感受器外节缺失,HP:0030610
d4af1ba7b525b8b0bdb325c759b6e420,症状和体征,RetinaRyan,OCT 上的视网膜变薄,HP:0030329
2121100fa87065a90afe16f347173bc8,症状和体征,RetinaRyan,脉络膜形态异常,HP:0000610
13ebeb4f80c7692c91526222e0e33076,症状和体征,RetinaRyan,次级 RPE 存款,HP:0031531
ccbace66f77cfbf7e48a9ff3fcaa8cad,疾病,RetinaRyan,周边视网膜脱离,HP:0007929
f4bd9c055703b5157b87b581700e725e,症状和体征,RetinaRyan,黄斑 OCT 上黄斑中心凹感光器外节缺失,HP:0030615
8f2bcd4ccdacf49d7689e29b495759e3,疾病,RetinaRyan,早产儿视网膜病变 1 期,HP:0500050
d3d3fc91903dd2832f0572df46d81f5a,疾病,RetinaRyan,眼睛错构瘤,HP:0010568
f86f8d09fe6909764185c448cbc64ce5,症状和体征,RetinaRyan,脉络膜血管形态异常,HP:0025568
cec2c1d379ced9e63c3e2867a9d18b5a,症状和体征,RetinaRyan,超低视力,HP:0032123
1118f06f37941336ffa5b89f34bc38e6,疾病,RetinaRyan,眼底荧光血管造影异常,HP:0030604
fd37c73eb0cc8a5f06cac4e1d3a70336,疾病,RetinaRyan,视网膜小动脉闭塞,HP:0007985
53bd8269f190f246e1b1ec6ad05c7f05,疾病,RetinaRyan,多发性先天性视网膜色素上皮肥大,HP:0011529
fe1b77d11ce91f97da58ebc3e9d2a0d1,疾病,RetinaRyan,视网膜萎缩,HP:0001105
8eeb93ccb1996656d93dd8ea324c5847,症状和体征,RetinaRyan,视网膜血管迂曲,HP:0012841
8bbc05de11dba07cd22069b8eb1d9e06,症状和体征,RetinaRyan,红色去饱和度,HP:0030585
68239e6498c8fefeaa6aeb7188809e45,疾病,RetinaRyan,二色性,HP:0011518
30bee644eb5da5adc7551786ec17e96f,疾病,RetinaRyan,Hardy-Rand-Rittler 平板试验异常,HP:0030587
d32cfd8bdd482e9cb34513106cb0cdc2,疾病,RetinaRyan,不完全先天性静止性夜盲症,HP:0030641
628e3731417007c0dc0c6fd90830364e,症状和体征,RetinaRyan,视网膜橙皮,HP:0033027
25988ae708f1585ae22f42e7b92807e3,疾病,RetinaRyan,半视网膜静脉阻塞,HP:0020167
d7bc6c865bba114a1313e7c9f2580cc0,症状和体征,RetinaRyan,旁中心超自发荧光,HP:6000769
8cee1d4d0d3a74b9b28f8a21bac9963a,疾病,RetinaRyan,中心凹外脉络膜新生血管,HP:0031239
00e4fdcba428708c715318ac06ed13ac,症状和体征,RetinaRyan,角膜内皮异常迁移,HP:0011489
3958f1b1a3a7f1e9060d59c5123f997e,症状和体征,RetinaRyan,视神经隔发育不良,HP:0100842
0c5228e13b63e93fdaff5226e0d3b1e5,症状和体征,RetinaRyan,早产儿视网膜病变预加,HP:0500063
4ed52fef3f8e327c21061fe7e6ec1603,症状和体征,RetinaRyan,前列腺畸形,HP:0200018
ecce0229e57284d21a0a88bbf8504844,疾病,RetinaRyan,黄斑 OCT 上黄斑中心凹感光层损失,HP:0030614
334f573d4ba319804e761fdd028bd97d,疾病,RetinaRyan,超常暗适应亮闪光视网膜电图b波,HP:0030484
21f583f9fabd7903a630a48051c334d8,疾病,RetinaRyan,无法检测到的图案视网膜电图,HP:0030844
a5f70c6deecfc92a14f5f89623158335,疾病,RetinaRyan,杆状锥体营养不良,HP:0000510
7a10753574d37997b15adf20b7235be8,症状和体征,RetinaRyan,暗适应暗淡闪光视网膜电图时序异常,HP:0030475
ad9b1a25a07f286acc64254b2dedb1eb,症状和体征,RetinaRyan,视网膜电图异常,HP:0000512
e3dc6da99f97e9cdc9a60761c433efec,症状和体征,RetinaRyan,光适应视网膜电图异常,HP:0008275
b41e5597f81a01d23166445d1fa75640,疾病,RetinaRyan,放大闪光视觉诱发电位,HP:0008045
36bc1487d3779f3b8c0b058a2892a1ec,疾病,RetinaRyan,模式反转视觉诱发电位的异常时序,HP:0030460
68ca09a8422de9bda09cc887807d099a,疾病,RetinaRyan,眼底自发荧光成像异常,HP:0030602
04e14723597f357fcf19abfc303e327f,症状和体征,RetinaRyan,低测量眼跳,HP:0000571
17872d329547f38e508ea6d784b0bc42,症状和体征,RetinaRyan,OCT 视网膜前后厚度异常,HP:0020040
261e867f9a7f00a1f42c56a69ee4c930,疾病,RetinaRyan,低自身荧光黄斑病变,HP:0030632
db28138a2e1a7ee655e7f0cf47fd862f,症状和体征,RetinaRyan,视网膜外核层中央变薄,HP:6000367
f1d708d6be8ae5018f5441c66457713d,疾病,RetinaRyan,视网膜营养不良伴早期黄斑受累,HP:0030635
098867b2e4ebf0b2021eaa2928ca1cee,疾病,RetinaRyan,静脉旁脉络膜视网膜萎缩,HP:0007903
2aec37b2783f58d926a65091c202d5d6,疾病,RetinaRyan,部门性视网膜色素变性,HP:0031172
4763b255ee931c812293f5f3f1d587e7,症状和体征,RetinaRyan,黄斑 OCT 上视网膜内层损失,HP:0030620
885ad551268d81f25055c22858165484,症状和体征,RetinaRyan,最佳矫正视力 0.3 LogMAR,HP:0030556
efd554d2b1fb31a3fabcd34d8ea8b534,症状和体征,RetinaRyan,周边视野中度收缩,HP:0030525
08f3b7048ea406b54336ae996ef003bb,疾病,RetinaRyan,视网膜静脉阻塞,HP:0012636
df4a2b446185639b813ae8f2f902254e,症状和体征,RetinaRyan,后视网膜新生血管,HP:0007778
4a9f1a56941138697df5514a710fe286,疾病,RetinaRyan,早产儿视网膜病变 3 期,HP:0500052
1b8c76e3fae3a708fc07e2e2c78fe408,疾病,RetinaRyan,暗适应亮闪光视网膜电图振幅异常,HP:0030478
f9432ddff952a4db984423e29ea5f0d9,疾病,RetinaRyan,全视野视网膜电图异常,HP:0030466
df09d4a943981f9daf9f674d2f816609,症状和体征,RetinaRyan,光适应单次闪光视网膜电图振幅异常,HP:0030481
3d2acbfdcaeb54dd76d4c2a4a5945280,症状和体征,RetinaRyan,图形视网膜电图时序异常,HP:0030486
4d667370544189752b4eadc9ab756119,症状和体征,RetinaRyan,视网膜玻璃疣,HP:6001388
28b95c9ed92909ce9894c74eaa1eb150,症状和体征,RetinaRyan,视觉固视异常,HP:0025404
6a0e08d81abbf1080a5313e277269cf3,症状和体征,RetinaRyan,视神经形态异常,HP:0000587
7c93fa416b86cbc42b30d8da41c4716d,疾病,RetinaRyan,退行性玻璃体视网膜病变,HP:0007964
8813848ff8fecc3553022ccdc73f3c38,症状和体征,RetinaRyan,水平扫视减慢,HP:0007885
6b325dfb5796ebbdeb8f12acc6994954,症状和体征,RetinaRyan,中心凹萎缩,HP:0025010
28ca45bfd1df4110e54d22cc51a78453,疾病,RetinaRyan,分离水平偏差,HP:0500075
b792fbb6b057119d782602046c709c9e,疾病,RetinaRyan,Humphrey SITA 30-2 视野检查测试异常,HP:0030596
c70a55a147e619209a528f26aa1c9381,症状和体征,RetinaRyan,周边视野轻度收缩,HP:0030522
5c535136b39a4184d2917fb2c5a1f367,症状和体征,RetinaRyan,最佳矫正视力 0.2 LogMAR,HP:0030555
4305ee8fce9a03f831b2fe3479775066,症状和体征,RetinaRyan,绝对偏心固定,HP:0500072
b39734300026c64199c6263fff242641,症状和体征,RetinaRyan,牛眼属,HP:0000557
52c478572a3053ae5ea2b5ec7da2fd18,症状和体征,RetinaRyan,视网膜形态异常,HP:0000479
